id_logement,appareil_suivi,type,conso_an1_kwh,conso_an2_kwh
106,Audio_TV,Barre De Son,1.7,
302,Audio_TV,Barre De Son,22.2,16.7
311,Audio_TV,Barre De Son,14.7,13.0
410,Audio_TV,Barre De Son,7.8,7.8
608,Audio_TV,Barre De Son,7.9,7.5
808,Audio_TV,Barre De Son,0.8,
302,Audio_TV,Barre De Son 2,6.4,6.9
202,Audio_TV,Home Cinéma,10.0,14.0
209,Audio_TV,Home Cinéma,0.5,0.0
402,Audio_TV,Home Cinéma,18.7,1.2
405,Audio_TV,Home Cinéma,6.6,0.3
602,Audio_TV,Home Cinéma,1.1,1.1
1010,Audio_TV,Home Cinéma,59.3,115.6
121,Audio_TV,Barre De Son,,8.3
122,Audio_TV,Barre De Son,,21.0
823,Audio_TV,Barre De Son,,16.3
721,Audio_TV,Home Cinéma,,3.2
108,Bouilloires,,20.8,
201,Bouilloires,,1.6,
205,Bouilloires,,82.7,88.7
206,Bouilloires,,72.9,77.0
207,Bouilloires,,56.0,43.2
208,Bouilloires,,9.8,
210,Bouilloires,,96.2,99.1
301,Bouilloires,,15.1,16.5
303,Bouilloires,,43.9,41.7
309,Bouilloires,,40.9,33.9
310,Bouilloires,,45.2,52.5
311,Bouilloires,,34.2,42.5
401,Bouilloires,,33.5,
406,Bouilloires,,50.3,65.0
409,Bouilloires,,41.9,49.0
410,Bouilloires,,45.6,89.8
502,Bouilloires,,50.7,62.8
504,Bouilloires,,26.4,11.4
506,Bouilloires,,6.6,9.1
508,Bouilloires,,29.1,35.8
510,Bouilloires,,44.2,47.2
603,Bouilloires,,60.0,10.4
605,Bouilloires,,29.1,48.6
607,Bouilloires,,53.3,16.1
706,Bouilloires,,59.7,53.2
707,Bouilloires,,14.2,24.2
708,Bouilloires,,30.0,
802,Bouilloires,,0.4,
803,Bouilloires,,88.7,97.2
804,Bouilloires,,16.6,17.3
805,Bouilloires,,119.4,134.4
809,Bouilloires,,68.4,
909,Bouilloires,,103.4,85.0
911,Bouilloires,,66.4,49.7
1001,Bouilloires,,113.3,63.4
1002,Bouilloires,,59.5,66.2
1004,Bouilloires,,63.7,59.1
1005,Bouilloires,,36.8,45.9
1007,Bouilloires,,86.2,47.5
1011,Bouilloires,,62.2,51.8
101,Bouilloires,,,5.3
105,Bouilloires,,,173.5
107,Bouilloires,,,68.9
121,Bouilloires,,,45.1
320,Bouilloires,,,7.0
421,Bouilloires,,,59.4
101,Box Internet,,129.4,135.0
102,Box Internet,,76.8,85.4
103,Box Internet,,78.6,79.0
104,Box Internet,,96.4,
105,Box Internet,,49.6,52.5
106,Box Internet,,258.0,
107,Box Internet,,22.3,
108,Box Internet,,4.9,
109,Box Internet,,147.2,
110,Box Internet,,126.3,117.9
201,Box Internet,,38.3,38.3
202,Box Internet,,83.2,84.7
203,Box Internet,,15.5,17.2
204,Box Internet,,90.3,100.5
205,Box Internet,,95.3,87.3
206,Box Internet,,44.5,128.8
207,Box Internet,,55.4,55.2
208,Box Internet,,27.5,
209,Box Internet,,119.5,133.2
210,Box Internet,,141.9,80.5
301,Box Internet,,145.1,105.9
302,Box Internet,,59.9,54.2
303,Box Internet,,80.0,158.2
304,Box Internet,,66.6,
305,Box Internet,,152.5,145.4
306,Box Internet,,70.9,103.9
307,Box Internet,,72.6,
308,Box Internet,,83.5,83.9
309,Box Internet,,75.9,85.8
310,Box Internet,,22.7,41.6
311,Box Internet,,160.4,128.2
401,Box Internet,,101.7,
402,Box Internet,,30.9,59.3
403,Box Internet,,75.6,69.5
404,Box Internet,,87.4,82.8
405,Box Internet,,102.6,102.9
406,Box Internet,,221.5,114.6
407,Box Internet,,62.0,41.5
408,Box Internet,,71.7,
410,Box Internet,,121.4,98.3
501,Box Internet,,95.5,
502,Box Internet,,104.9,216.4
503,Box Internet,,64.2,67.5
504,Box Internet,,21.6,31.1
505,Box Internet,,76.5,59.2
506,Box Internet,,137.9,147.1
507,Box Internet,,72.4,75.8
508,Box Internet,,87.6,52.6
509,Box Internet,,159.7,
510,Box Internet,,109.0,95.1
601,Box Internet,,81.4,75.3
602,Box Internet,,194.8,149.4
603,Box Internet,,61.7,65.3
604,Box Internet,,204.1,192.3
605,Box Internet,,79.6,91.1
606,Box Internet,,49.4,67.1
607,Box Internet,,111.1,175.5
608,Box Internet,,73.9,78.1
701,Box Internet,,76.4,
702,Box Internet,,62.5,72.5
703,Box Internet,,76.8,78.4
704,Box Internet,,61.0,79.2
705,Box Internet,,146.2,186.2
706,Box Internet,,33.0,95.0
707,Box Internet,,58.5,68.9
708,Box Internet,,79.7,
709,Box Internet,,69.9,73.9
801,Box Internet,,51.4,47.2
802,Box Internet,,150.5,
803,Box Internet,,85.4,93.7
804,Box Internet,,106.9,85.0
805,Box Internet,,70.0,68.3
806,Box Internet,,70.6,70.4
807,Box Internet,,83.3,84.7
808,Box Internet,,151.8,
809,Box Internet,,57.5,
810,Box Internet,,85.2,52.5
902,Box Internet,,93.7,71.1
903,Box Internet,,203.7,89.1
904,Box Internet,,184.9,
905,Box Internet,,208.7,144.9
906,Box Internet,,26.2,
907,Box Internet,,92.0,146.6
908,Box Internet,,163.7,162.9
909,Box Internet,,48.4,20.1
910,Box Internet,,75.2,
911,Box Internet,,70.6,68.3
912,Box Internet,,71.9,75.3
1001,Box Internet,,74.1,212.2
1002,Box Internet,,73.9,80.3
1003,Box Internet,,63.6,80.7
1004,Box Internet,,47.6,48.6
1005,Box Internet,,209.5,209.0
1006,Box Internet,,159.3,163.6
1007,Box Internet,,200.8,215.5
1008,Box Internet,,154.0,
1009,Box Internet,,98.5,94.9
1010,Box Internet,,180.7,179.8
1011,Box Internet,,74.4,76.2
120,Box Internet,,,72.9
121,Box Internet,,,187.3
122,Box Internet,,,80.3
123,Box Internet,,,100.3
320,Box Internet,,,70.5
326,Box Internet,,,68.2
420,Box Internet,,,136.8
421,Box Internet,,,49.1
520,Box Internet,,,86.0
620,Box Internet,,,294.3
720,Box Internet,,,68.3
721,Box Internet,,,73.0
722,Box Internet,,,151.4
820,Box Internet,,,95.7
821,Box Internet,,,73.1
822,Box Internet,,,87.8
823,Box Internet,,,74.9
921,Box Internet,,,69.3
922,Box Internet,,,71.4
101,Box TV,,59.6,63.6
102,Box TV,,90.0,16.4
103,Box TV,,62.8,45.0
105,Box TV,,80.4,86.3
107,Box TV,,36.9,
109,Box TV,,158.8,
201,Box TV,,71.4,49.5
202,Box TV,,108.6,102.8
204,Box TV,,108.6,
204,Box TV,,108.6,
205,Box TV,,22.6,24.3
207,Box TV,,57.4,57.5
209,Box TV,,115.8,99.6
301,Box TV,,70.5,14.1
302,Box TV,,91.3,85.9
303,Box TV,,76.3,106.4
304,Box TV,,36.1,
306,Box TV,,85.4,85.5
307,Box TV,,38.5,
308,Box TV,,113.9,116.5
310,Box TV,,113.9,113.9
311,Box TV,,133.6,127.3
401,Box TV,,125.0,
401,Box TV,,125.0,
403,Box TV,,77.3,111.2
404,Box TV,,88.6,68.0
408,Box TV,,13.9,
410,Box TV,,60.7,38.8
502,Box TV,,130.2,61.5
503,Box TV,,62.6,60.0
506,Box TV,,94.1,68.0
507,Box TV,,92.4,86.7
508,Box TV,,73.5,61.5
509,Box TV,,126.0,
510,Box TV,,113.3,93.4
601,Box TV,,53.8,39.2
602,Box TV,,120.2,116.8
603,Box TV,,71.3,106.1
604,Box TV,,135.3,95.2
605,Box TV,,47.7,44.1
607,Box TV,,57.2,17.9
608,Box TV,,145.8,146.5
701,Box TV,,145.8,
702,Box TV,,46.7,43.7
703,Box TV,,72.4,34.5
704,Box TV,,123.5,122.2
705,Box TV,,18.3,12.8
706,Box TV,,27.6,111.7
707,Box TV,,68.5,67.3
708,Box TV,,86.7,
709,Box TV,,103.4,108.4
801,Box TV,,45.4,28.1
802,Box TV,,132.5,
803,Box TV,,6.0,146.8
804,Box TV,,124.2,141.2
806,Box TV,,54.2,58.7
807,Box TV,,109.0,112.4
902,Box TV,,111.5,34.8
903,Box TV,,103.9,10.9
904,Box TV,,115.3,
905,Box TV,,127.4,142.6
907,Box TV,,88.0,56.1
908,Box TV,,90.4,91.2
910,Box TV,,59.5,
911,Box TV,,114.0,135.6
912,Box TV,,29.8,12.5
1001,Box TV,,82.3,61.6
1002,Box TV,,158.7,179.2
1003,Box TV,,32.1,36.4
1005,Box TV,,116.1,111.9
1006,Box TV,,39.4,30.7
1007,Box TV,,40.1,
1008,Box TV,,120.4,
1010,Box TV,,107.0,91.7
1011,Box TV,,139.1,96.2
121,Box TV,,,9.7
122,Box TV,,,132.9
123,Box TV,,,106.1
320,Box TV,,,40.0
326,Box TV,,,45.2
402,Box TV,,,18.4
420,Box TV,,,96.2
421,Box TV,,,110.7
720,Box TV,,,86.6
721,Box TV,,,99.4
722,Box TV,,,155.4
820,Box TV,,,75.3
822,Box TV,,,151.5
823,Box TV,,,21.9
921,Box TV,,,59.4
921,Box TV,,,40.8
922,Box TV,,,124.0
101,Cafetière_expresso,,21.2,10.3
102,Cafetière_expresso,,29.1,15.7
104,Cafetière_expresso,,16.2,
105,Cafetière_expresso,,16.6,10.0
107,Cafetière_expresso,,52.1,
108,Cafetière_expresso,,31.3,
109,Cafetière_expresso,,9.1,
110,Cafetière_expresso,,9.2,6.5
209,Cafetière_expresso,,6.3,5.1
305,Cafetière_expresso,,14.3,20.6
307,Cafetière_expresso,,34.1,
311,Cafetière_expresso,,25.8,28.2
406,Cafetière_expresso,,25.5,24.5
503,Cafetière_expresso,,13.6,13.6
510,Cafetière_expresso,,6.6,6.2
602,Cafetière_expresso,,33.5,34.1
603,Cafetière_expresso,,6.4,22.4
605,Cafetière_expresso,,37.0,46.1
607,Cafetière_expresso,,33.3,73.6
701,Cafetière_expresso,,10.3,
702,Cafetière_expresso,,32.1,25.7
704,Cafetière_expresso,,17.9,22.1
801,Cafetière_expresso,,28.3,22.2
804,Cafetière_expresso,,20.7,28.5
806,Cafetière_expresso,,56.4,70.5
807,Cafetière_expresso,,10.9,14.8
810,Cafetière_expresso,,24.0,
902,Cafetière_expresso,,82.1,76.6
911,Cafetière_expresso,,19.9,23.3
912,Cafetière_expresso,,57.0,71.3
1004,Cafetière_expresso,,24.1,16.2
1006,Cafetière_expresso,,16.3,29.9
1007,Cafetière_expresso,,4.7,4.7
1010,Cafetière_expresso,,8.9,10.1
303,Cafetière_expresso,,,14.0
705,Cafetière_expresso,,,5.2
721,Cafetière_expresso,,,14.4
722,Cafetière_expresso,,,3.9
820,Cafetière_expresso,,,14.5
823,Cafetière_expresso,,,6.0
707,Cafetière_expresso,,,16.6
201,Cafetière_filtre,,19.8,19.8
202,Cafetière_filtre,,48.6,59.7
204,Cafetière_filtre,,39.2,47.6
208,Cafetière_filtre,,34.5,
209,Cafetière_filtre,,36.7,31.2
301,Cafetière_filtre,,73.7,90.7
302,Cafetière_filtre,,10.2,9.9
306,Cafetière_filtre,,66.1,67.3
308,Cafetière_filtre,,16.2,12.0
403,Cafetière_filtre,,16.8,5.8
410,Cafetière_filtre,,58.4,22.8
706,Cafetière_filtre,,45.3,37.9
707,Cafetière_filtre,,20.6,15.5
709,Cafetière_filtre,,3.8,8.6
1003,Cafetière_filtre,,42.8,27.0
120,Cafetière_filtre,,,33.4
326,Cafetière_filtre,,,12.0
508,Cafetière_filtre,,,4.0
620,Cafetière_filtre,,,66.6
720,Cafetière_filtre,,,33.4
803,Cafetière_filtre,,,40.9
304,Cave à vin,,367.9,
311,Cave à vin,,76.0,79.4
406,Cave à vin,,150.4,159.4
502,Cave à vin,,159.9,159.8
607,Cave à vin,,226.2,193.6
1010,Cave à vin,,354.0,349.4
720,Cave à vin,,,505.7
902,Cave à vin,,,353.2
911,Chambre froide,,1404.0,1715.9
1010,Chambre froide,,0.0,0.0
102,Chaudières,GAZ,175.2,216.8
104,Chaudières,GAZ,119.1,
107,Chaudières,GAZ,195.0,83.0
109,Chaudières,GAZ,178.5,
110,Chaudières,GAZ,49.6,52.9
121,Chaudières,GAZ,,375.1
122,Chaudières,GAZ,,81.2
201,Chaudières,FIOUL,96.7,117.4
206,Chaudières,GAZ,589.7,478.1
208,Chaudières,GAZ,50.3,
210,Chaudières,GAZ,364.5,567.2
305,Chaudières,GAZ,226.8,175.5
308,Chaudières,GAZ,62.6,59.4
309,Chaudières,GAZ,93.6,92.7
311,Chaudières,GAZ,123.9,168.2
403,Chaudières,GAZ,273.4,215.5
404,Chaudières,GAZ,287.3,279.2
420,Chaudières,GAZ,,37.2
501,Chaudières,GAZ,81.7,
504,Chaudières,GAZ,88.9,103.8
505,Chaudières,GAZ,83.1,85.0
508,Chaudières,GAZ,235.4,225.5
509,Chaudières,GAZ,86.8,
510,Chaudières,FIOUL,72.6,131.2
601,Chaudières,GAZ,,128.1
603,Chaudières,GAZ,347.2,307.0
604,Chaudières,GAZ,233.2,196.7
605,Chaudières,GAZ,126.6,141.3
607,Chaudières,GAZ,201.5,203.6
608,Chaudières,GAZ,318.6,403.0
620,Chaudières,GAZ,,622.6
701,Chaudières,FIOUL,58.7,
702,Chaudières,GAZ,196.2,199.0
704,Chaudières,FIOUL,371.9,532.8
708,Chaudières,GAZ,55.3,
722,Chaudières,FIOUL,,235.5
802,Chaudières,COGÉ GAZ,-901.5,
822,Chaudières,GAZ,,82.3
903,Chaudières,GAZ,111.9,137.1
904,Chaudières,GAZ,59.3,
911,Chaudières,FIOUL,903.8,784.8
1004,Chaudières,FIOUL,613.3,364.9
1005,Chaudières,GAZ,63.7,69.7
1008,Chaudières,GAZ,190.2,
1009,Chaudières,GAZ,93.4,110.5
101,Chauffage électrique,,293.5,272.4
103,Chauffage électrique,,1053.6,844.4
105,Chauffage électrique,,11.1,5.1
108,Chauffage électrique,,1888.9,
109,Chauffage électrique,,17.6,
110,Chauffage électrique,,150.0,109.8
120,Chauffage électrique,,,211.9
123,Chauffage électrique,,,227.8
201,Chauffage électrique,,32.7,33.2
202,Chauffage électrique,,1884.8,1946.8
203,Chauffage électrique,,2486.1,2265.9
204,Chauffage électrique,,6128.4,6566.1
206,Chauffage électrique,,933.8,616.5
207,Chauffage électrique,,5056.5,4830.2
208,Chauffage électrique,,16.5,
304,Chauffage électrique,,3411.8,
306,Chauffage électrique,,3748.8,2039.1
310,Chauffage électrique,,3456.4,4302.9
320,Chauffage électrique,,,8.0
326,Chauffage électrique,,,3.8
401,Chauffage électrique,,936.2,
402,Chauffage électrique,,2001.4,1336.5
405,Chauffage électrique,,2898.2,89.9
407,Chauffage électrique,,1465.5,863.3
408,Chauffage électrique,,985.9,
409,Chauffage électrique,,968.0,580.2
410,Chauffage électrique,,4992.9,5763.2
420,Chauffage électrique,,,979.4
421,Chauffage électrique,,,38.1
502,Chauffage électrique,,5315.7,5795.2
503,Chauffage électrique,,505.7,336.9
504,Chauffage électrique,,239.7,33.6
505,Chauffage électrique,,2179.4,798.0
506,Chauffage électrique,,288.1,336.7
508,Chauffage électrique,,360.3,19.3
601,Chauffage électrique,,,399.6
604,Chauffage électrique,,60.2,59.1
605,Chauffage électrique,,102.0,412.9
606,Chauffage électrique,,60.8,9.8
607,Chauffage électrique,,762.1,993.9
608,Chauffage électrique,,59.5,61.8
701,Chauffage électrique,,5827.5,
702,Chauffage électrique,,13.7,8.9
703,Chauffage électrique,,4856.6,5035.8
705,Chauffage électrique,,2171.1,4593.3
706,Chauffage électrique,,2541.4,4729.4
707,Chauffage électrique,,2973.6,2887.7
709,Chauffage électrique,,623.6,607.7
720,Chauffage électrique,,,1243.3
721,Chauffage électrique,,,3363.0
722,Chauffage électrique,,,31.9
801,Chauffage électrique,,2104.5,2188.1
803,Chauffage électrique,,3229.1,4360.8
804,Chauffage électrique,,6699.9,6645.7
805,Chauffage électrique,,559.9,692.0
806,Chauffage électrique,,2510.5,3358.8
807,Chauffage électrique,,49.4,124.7
808,Chauffage électrique,,12159.7,
809,Chauffage électrique,,2406.8,
810,Chauffage électrique,,1561.8,6111.4
820,Chauffage électrique,,,17.3
822,Chauffage électrique,,,420.0
823,Chauffage électrique,,,145.9
902,Chauffage électrique,,1582.5,1936.7
904,Chauffage électrique,,54.3,
905,Chauffage électrique,,60.9,131.1
906,Chauffage électrique,,5343.9,
908,Chauffage électrique,,66.3,57.7
909,Chauffage électrique,,3.5,5.6
910,Chauffage électrique,,1971.7,
911,Chauffage électrique,,1112.6,851.1
912,Chauffage électrique,,8558.6,7861.9
921,Chauffage électrique,,,5202.5
922,Chauffage électrique,,,31.5
1001,Chauffage électrique,,1380.8,1935.8
1002,Chauffage électrique,,3677.8,4744.9
1003,Chauffage électrique,,232.2,170.4
1004,Chauffage électrique,,48.5,
1005,Chauffage électrique,,645.2,26.1
1006,Chauffage électrique,,103.6,774.6
1007,Chauffage électrique,,,123.4
1009,Chauffage électrique,,1317.8,889.5
1010,Chauffage électrique,,2035.5,3581.6
1011,Chauffage électrique,,76.7,1013.5
902,Clim_fixe,,784.0,785.6
803,Clim_fixe,,597.0,692.5
505,Clim_fixe,,164.2,189.7
1011,Clim_fixe,,,176.5
1005,Clim_fixe,,42.8,40.4
410,Clim_fixe,,0.0,0.0
906,Clim_fixe,,284.3,
910,Clim_fixe,,200.4,
1001,Clim_fixe,,94.0,
802,Clim_mob_rafraich_Déshum,CLIMATISEUR SUR PRISE,386.8,
709,Clim_mob_rafraich_Déshum,CLIMATISEUR SUR PRISE,28.6,
310,Clim_mob_rafraich_Déshum,CLIMATISEUR SUR PRISE,6.0,79.9
721,Clim_mob_rafraich_Déshum,CLIMATISEUR SUR PRISE,,674.0
105,Clim_mob_rafraich_Déshum,CLIMATISEUR SUR PRISE,,80.9
602,Clim_mob_rafraich_Déshum,CLIMATISEUR SUR PRISE,,125.9
1006,Clim_mob_rafraich_Déshum,CLIMATISEUR SUR PRISE,,25.4
903,Clim_mob_rafraich_Déshum,CLIMATISEUR SUR PRISE,,85.1
907,Clim_mob_rafraich_Déshum,CLIMATISEUR SUR PRISE,,49.3
102,Clim_mob_rafraich_Déshum,DÉSHUMIDIFCATEUR,1404.8,1377.0
601,Clim_mob_rafraich_Déshum,DÉSHUMIDIFCATEUR,3.8,188.0
421,Clim_mob_rafraich_Déshum,DÉSHUMIDIFCATEUR,,62.8
403,Clim_mob_rafraich_Déshum,RAFRAICHISSEUR SUR PRISE,29.3,0.0
604,Clim_mob_rafraich_Déshum,RAFRAICHISSEUR SUR PRISE,8.4,7.1
1008,Clim_mob_rafraich_Déshum,RAFRAICHISSEUR SUR PRISE,0.0,
101,Congélateur,ARMOIRE,115.9,208.8
202,Congélateur,ARMOIRE,113.3,122.1
203,Congélateur,ARMOIRE,109.1,98.2
205,Congélateur,ARMOIRE,267.4,271.3
206,Congélateur,ARMOIRE,162.2,155.7
208,Congélateur,ARMOIRE,187.2,
208,Congélateur,ARMOIRE,145.5,
209,Congélateur,ARMOIRE,109.0,80.0
210,Congélateur,ARMOIRE,701.1,766.0
303,Congélateur,ARMOIRE,262.7,258.5
308,Congélateur,ARMOIRE,441.5,449.0
311,Congélateur,ARMOIRE,308.2,222.7
401,Congélateur,ARMOIRE,173.6,
405,Congélateur,ARMOIRE,169.2,150.3
406,Congélateur,ARMOIRE,201.3,409.0
407,Congélateur,ARMOIRE,388.0,372.2
503,Congélateur,ARMOIRE,225.0,182.4
505,Congélateur,ARMOIRE,152.8,163.7
601,Congélateur,ARMOIRE,589.8,201.1
604,Congélateur,ARMOIRE,30.8,210.2
607,Congélateur,ARMOIRE,231.3,228.2
701,Congélateur,ARMOIRE,228.2,
705,Congélateur,ARMOIRE,626.9,639.1
708,Congélateur,ARMOIRE,427.0,
803,Congélateur,ARMOIRE,303.3,319.1
804,Congélateur,ARMOIRE,295.0,312.1
808,Congélateur,ARMOIRE,415.0,
809,Congélateur,ARMOIRE,171.5,
809,Congélateur,ARMOIRE,105.2,
902,Congélateur,ARMOIRE,259.6,268.3
907,Congélateur,ARMOIRE,886.3,898.2
1003,Congélateur,ARMOIRE,220.8,206.7
1006,Congélateur,ARMOIRE,235.0,241.6
1007,Congélateur,ARMOIRE,166.8,196.6
1010,Congélateur,ARMOIRE,636.7,521.4
1010,Congélateur,ARMOIRE,237.9,242.3
320,Congélateur,ARMOIRE,,301.7
620,Congélateur,ARMOIRE,,202.9
720,Congélateur,ARMOIRE,,378.6
912,Congélateur,ARMOIRE,,263.1
105,Congélateur,COFFRE,337.0,307.1
201,Congélateur,COFFRE,619.2,533.5
209,Congélateur,COFFRE,142.6,149.9
210,Congélateur,COFFRE,168.1,175.7
403,Congélateur,COFFRE,200.8,230.6
503,Congélateur,COFFRE,418.8,457.8
510,Congélateur,COFFRE,492.0,985.2
602,Congélateur,COFFRE,209.1,232.0
603,Congélateur,COFFRE,107.4,164.6
607,Congélateur,COFFRE,286.2,273.9
709,Congélateur,COFFRE,302.3,337.6
709,Congélateur,COFFRE,194.4,42.2
802,Congélateur,COFFRE,222.6,
809,Congélateur,COFFRE,289.5,
810,Congélateur,COFFRE,644.3,616.2
904,Congélateur,COFFRE,502.4,
906,Congélateur,COFFRE,227.2,
911,Congélateur,COFFRE,223.3,220.4
1010,Congélateur,COFFRE,81.9,168.9
1011,Congélateur,COFFRE,178.7,180.2
722,Congélateur,COFFRE,,152.7
805,Congélateur,COFFRE,,210.9
620,Congélateur,COFFRE,,344.3
805,Congélateur,COFFRE,,292.5
207,Console de jeux,,56.6,68.5
404,Console de jeux,,8.4,77.6
408,Console de jeux,,15.3,
409,Console de jeux,,0.2,
502,Console de jeux,,9.5,10.6
503,Console de jeux,,293.0,113.3
503,Console de jeux,,0.7,15.7
602,Console de jeux,,600.1,340.7
603,Console de jeux,,188.1,145.4
605,Console de jeux,,171.3,120.0
605,Console de jeux,,12.8,12.6
708,Console de jeux,,74.2,
807,Console de jeux,,5.7,5.8
901,Console de jeux,,1.4,1.1
122,Console de jeux,,,34.1
326,Console de jeux,,,0.9
607,Console de jeux,,,25.8
704,Console de jeux,,,4.3
806,Console de jeux,,,2.1
821,Console de jeux,,,124.2
823,Console de jeux,,,120.8
921,Console de jeux,,,11.1
603,Console de jeux,,,4.8
210,Console de jeux,,,158.0
601,Cuisinières,FOUR ÉLECTRIQUE + PLAQUES GAZ,121.7,159.1
101,Cuisinières,FOUR ÉLECTRIQUE + PLAQUES GAZ + 1 PLAQUE ÉLECTRIQUE,110.3,114.0
311,Cuisinières,FOUR ÉLECTRIQUE + PLAQUES GAZ + 1 PLAQUE ÉLECTRIQUE,236.1,247.0
503,Cuisinières,FOUR ÉLECTRIQUE + PLAQUES GAZ + 1 PLAQUE ÉLECTRIQUE,193.7,61.8
302,Cuisinières,FOUR+PLAQUES ÉLECTRIQUES,286.3,256.0
303,Cuisinières,FOUR+PLAQUES ÉLECTRIQUES,255.8,253.8
304,Cuisinières,FOUR+PLAQUES ÉLECTRIQUES,217.2,
405,Cuisinières,FOUR+PLAQUES ÉLECTRIQUES,38.3,7.7
409,Cuisinières,FOUR+PLAQUES ÉLECTRIQUES,151.4,267.5
504,Cuisinières,FOUR+PLAQUES ÉLECTRIQUES,185.5,154.6
506,Cuisinières,FOUR+PLAQUES ÉLECTRIQUES,72.6,75.0
507,Cuisinières,FOUR+PLAQUES ÉLECTRIQUES,111.2,168.1
606,Cuisinières,FOUR+PLAQUES ÉLECTRIQUES,136.9,248.7
708,Cuisinières,FOUR+PLAQUES ÉLECTRIQUES,153.6,
907,Cuisinières,FOUR+PLAQUES ÉLECTRIQUES,132.6,76.2
1005,Cuisinières,FOUR+PLAQUES ÉLECTRIQUES,215.2,228.7
121,Cuisinières,FOUR+PLAQUES ÉLECTRIQUES,,37.9
520,Cuisinières,FOUR+PLAQUES ÉLECTRIQUES,,135.3
603,Cuisinières,FOUR+PLAQUES ÉLECTRIQUES,,212.8
722,Cuisinières,FOUR+PLAQUES ÉLECTRIQUES,,543.3
1004,Divers cuisine,BLENDER,1.2,1.6
208,Divers cuisine,CUISSEUR VAPEUR,18.5,
606,Divers cuisine,CUISSEUR VAPEUR,0.7,0.7
1004,Divers cuisine,CUISSEUR VAPEUR,16.2,18.0
1011,Divers cuisine,CUISSEUR VAPEUR,15.4,21.8
306,Divers cuisine,DESHYDRATEUR,0.0,
809,Divers cuisine,DESHYDRATEUR,38.0,
308,Divers cuisine,FRITEUSE,27.2,20.3
510,Divers cuisine,FRITEUSE,17.8,
801,Divers cuisine,FRITEUSE,12.8,
902,Divers cuisine,FRITEUSE,26.5,2.8
903,Divers cuisine,FRITEUSE,18.9,24.9
201,Divers cuisine,GRILLE PAIN,3.0,3.6
205,Divers cuisine,GRILLE PAIN,3.9,6.7
207,Divers cuisine,GRILLE PAIN,,2.5
420,Divers cuisine,GRILLE PAIN,,0.9
410,Divers cuisine,MACHINE À PAIN,4.2,
204,Divers cuisine,PLANCHA ÉLECTRIQUE,0.0,
307,Divers cuisine,PLANCHA ÉLECTRIQUE,0.0,
922,Divers cuisine,PLANCHA ÉLECTRIQUE,,0.4
209,Divers cuisine,RACLETTE,1.6,1.7
601,Divers cuisine,RICE COOKER,17.8,21.1
907,Divers cuisine,RICE COOKER,4.9,1.6
108,Eau chaude sanitaire,CETI,433.3,
206,Eau chaude sanitaire,CETI,848.8,1005.7
401,Eau chaude sanitaire,CETI,1205.7,
408,Eau chaude sanitaire,CETI,457.0,
902,Eau chaude sanitaire,CETI,803.7,863.5
1007,Eau chaude sanitaire,CETI,762.3,571.3
1011,Eau chaude sanitaire,JOULE / CETI,1990.6,599.8
101,Eau chaude sanitaire,JOULE,889.3,915.4
103,Eau chaude sanitaire,JOULE,1099.0,1271.5
201,Eau chaude sanitaire,JOULE,790.1,702.9
202,Eau chaude sanitaire,JOULE,1406.6,1462.6
202,Eau chaude sanitaire,JOULE,829.8,246.0
203,Eau chaude sanitaire,JOULE,889.8,895.2
204,Eau chaude sanitaire,JOULE,1463.4,1452.0
205,Eau chaude sanitaire,JOULE,1131.0,1145.8
207,Eau chaude sanitaire,JOULE,882.5,951.2
209,Eau chaude sanitaire,JOULE,1344.5,1421.2
304,Eau chaude sanitaire,JOULE,2266.3,
306,Eau chaude sanitaire,JOULE,2029.4,1899.8
310,Eau chaude sanitaire,JOULE,931.5,846.5
402,Eau chaude sanitaire,JOULE,1607.7,1570.3
405,Eau chaude sanitaire,JOULE,532.4,529.9
406,Eau chaude sanitaire,JOULE,2436.4,2245.1
407,Eau chaude sanitaire,JOULE,2514.9,1660.8
409,Eau chaude sanitaire,JOULE,1739.7,1606.5
410,Eau chaude sanitaire,JOULE,777.7,758.7
502,Eau chaude sanitaire,JOULE,1929.7,1852.7
503,Eau chaude sanitaire,JOULE,3344.4,3137.4
506,Eau chaude sanitaire,JOULE,1398.2,1457.1
510,Eau chaude sanitaire,JOULE,2160.4,2153.0
601,Eau chaude sanitaire,JOULE,2710.2,
607,Eau chaude sanitaire,JOULE,4314.0,
703,Eau chaude sanitaire,JOULE,1951.9,2119.4
705,Eau chaude sanitaire,JOULE,2262.5,1686.8
706,Eau chaude sanitaire,JOULE,1694.0,1896.7
707,Eau chaude sanitaire,JOULE,1070.9,1096.6
709,Eau chaude sanitaire,JOULE,2303.6,2674.1
801,Eau chaude sanitaire,JOULE,2820.7,2944.6
805,Eau chaude sanitaire,JOULE,2129.8,2257.2
806,Eau chaude sanitaire,JOULE,1354.8,1520.6
807,Eau chaude sanitaire,JOULE,2331.8,2418.7
808,Eau chaude sanitaire,JOULE,2125.5,
809,Eau chaude sanitaire,JOULE,3518.4,
810,Eau chaude sanitaire,JOULE,2885.9,3766.3
901,Eau chaude sanitaire,JOULE,655.0,659.8
905,Eau chaude sanitaire,JOULE,700.4,645.2
906,Eau chaude sanitaire,JOULE,2222.0,
907,Eau chaude sanitaire,JOULE,696.7,501.5
909,Eau chaude sanitaire,JOULE,1393.7,1277.3
910,Eau chaude sanitaire,JOULE,1147.4,
911,Eau chaude sanitaire,JOULE,153.6,142.9
911,Eau chaude sanitaire,JOULE,1262.0,1471.5
912,Eau chaude sanitaire,JOULE,748.8,800.7
1001,Eau chaude sanitaire,JOULE,754.4,423.7
1002,Eau chaude sanitaire,JOULE,750.9,748.9
1003,Eau chaude sanitaire,JOULE,1326.4,1183.6
1006,Eau chaude sanitaire,JOULE,2210.8,2397.7
1008,Eau chaude sanitaire,JOULE,3525.1,
1010,Eau chaude sanitaire,JOULE,1442.4,1423.3
120,Eau chaude sanitaire,JOULE,,992.7
320,Eau chaude sanitaire,JOULE,,211.0
720,Eau chaude sanitaire,JOULE,,1382.0
721,Eau chaude sanitaire,JOULE,,1397.6
921,Eau chaude sanitaire,JOULE,,1906.2
101,Eclairage,,23.6,17.2
102,Eclairage,,93.9,105.8
103,Eclairage,,335.2,222.4
104,Eclairage,,225.3,
105,Eclairage,,57.0,51.0
106,Eclairage,,28.7,
107,Eclairage,,177.1,103.9
108,Eclairage,,59.1,
109,Eclairage,,23.1,
110,Eclairage,,25.9,15.9
120,Eclairage,,,34.3
121,Eclairage,,,203.8
122,Eclairage,,,82.3
123,Eclairage,,,384.5
201,Eclairage,,175.8,384.0
202,Eclairage,,70.2,101.0
203,Eclairage,,23.0,29.2
204,Eclairage,,24.8,25.6
205,Eclairage,,64.1,73.3
206,Eclairage,,235.2,338.1
207,Eclairage,,29.6,36.2
208,Eclairage,,114.5,
209,Eclairage,,53.8,90.0
210,Eclairage,,98.9,125.4
301,Eclairage,,31.1,14.8
302,Eclairage,,44.4,35.3
303,Eclairage,,556.0,412.5
304,Eclairage,,307.9,
305,Eclairage,,260.6,268.8
306,Eclairage,,172.0,177.0
307,Eclairage,,64.5,
308,Eclairage,,59.7,58.1
309,Eclairage,,75.0,43.1
310,Eclairage,,71.7,92.9
311,Eclairage,,237.9,265.4
320,Eclairage,,,3.0
326,Eclairage,,,99.1
401,Eclairage,,84.9,
402,Eclairage,,77.7,77.9
403,Eclairage,,107.4,10.4
404,Eclairage,,67.4,65.8
405,Eclairage,,145.4,27.0
406,Eclairage,,333.9,366.7
407,Eclairage,,81.2,30.7
408,Eclairage,,32.1,
409,Eclairage,,107.3,85.6
410,Eclairage,,128.5,44.0
420,Eclairage,,,9.1
421,Eclairage,,,88.7
501,Eclairage,,108.3,
502,Eclairage,,193.4,196.6
503,Eclairage,,126.7,107.3
504,Eclairage,,95.8,84.0
505,Eclairage,,69.7,57.6
506,Eclairage,,5.4,6.4
507,Eclairage,,161.5,87.9
508,Eclairage,,72.4,88.1
509,Eclairage,,351.1,
510,Eclairage,,299.8,297.1
520,Eclairage,,,29.6
601,Eclairage,,280.4,370.6
602,Eclairage,,54.9,66.2
603,Eclairage,,83.8,60.9
604,Eclairage,,105.3,213.8
605,Eclairage,,194.4,146.4
606,Eclairage,,141.9,91.2
607,Eclairage,,171.6,199.9
608,Eclairage,,75.7,77.6
620,Eclairage,,,195.5
701,Eclairage,,225.1,
702,Eclairage,,123.8,94.7
703,Eclairage,,333.9,214.8
704,Eclairage,,282.0,193.3
705,Eclairage,,195.7,143.5
706,Eclairage,,441.0,459.9
707,Eclairage,,99.6,98.3
708,Eclairage,,62.9,
709,Eclairage,,204.7,171.6
720,Eclairage,,,187.5
721,Eclairage,,,674.4
722,Eclairage,,,157.3
801,Eclairage,,49.5,48.1
802,Eclairage,,302.1,
803,Eclairage,,245.7,457.6
804,Eclairage,,211.0,196.6
805,Eclairage,,227.9,253.1
806,Eclairage,,72.4,59.5
807,Eclairage,,92.8,124.6
808,Eclairage,,62.6,
809,Eclairage,,384.9,
810,Eclairage,,43.4,89.5
820,Eclairage,,,19.0
821,Eclairage,,,9.7
822,Eclairage,,,24.5
823,Eclairage,,,125.3
901,Eclairage,,13.3,16.6
902,Eclairage,,452.2,382.8
903,Eclairage,,142.3,116.7
904,Eclairage,,190.4,
905,Eclairage,,25.2,28.2
906,Eclairage,,64.3,
907,Eclairage,,26.0,21.6
908,Eclairage,,43.1,46.6
909,Eclairage,,42.4,43.5
910,Eclairage,,45.9,
911,Eclairage,,620.9,1562.1
912,Eclairage,,69.3,172.0
921,Eclairage,,,67.3
922,Eclairage,,,45.3
1001,Eclairage,,54.2,8.4
1002,Eclairage,,158.5,111.4
1003,Eclairage,,38.2,37.6
1004,Eclairage,,140.7,169.3
1005,Eclairage,,267.4,401.6
1006,Eclairage,,337.8,221.4
1007,Eclairage,,110.6,123.4
1008,Eclairage,,102.7,
1009,Eclairage,,220.3,234.7
1010,Eclairage,,208.1,199.5
1011,Eclairage,,247.5,249.4
304,Enceintes,,36.8,
702,Enceintes,,15.8,2.2
401,Enceintes,,10.9,
410,Enceintes,,6.5,5.2
909,Enceintes,,0.3,
409,Enceintes,,0.2,0.1
122,Enceintes,,,3.0
326,Enceintes,,,21.3
206,Enceintes,,,78.6
101,Four Micro-ondes,,19.1,22.0
102,Four Micro-ondes,,38.1,11.7
103,Four Micro-ondes,,24.1,30.4
104,Four Micro-ondes,,23.6,
105,Four Micro-ondes,,40.2,41.3
106,Four Micro-ondes,,34.6,
106,Four Micro-ondes,,5.4,
107,Four Micro-ondes,,43.9,31.4
108,Four Micro-ondes,,65.6,
109,Four Micro-ondes,,9.8,
110,Four Micro-ondes,,29.0,18.9
201,Four Micro-ondes,,17.9,19.3
202,Four Micro-ondes,,57.1,64.8
203,Four Micro-ondes,,25.4,21.2
204,Four Micro-ondes,,14.8,22.4
205,Four Micro-ondes,,28.6,31.8
206,Four Micro-ondes,,87.0,74.5
207,Four Micro-ondes,,11.7,11.5
208,Four Micro-ondes,,0.0,
209,Four Micro-ondes,,68.5,69.5
210,Four Micro-ondes,,44.3,35.7
302,Four Micro-ondes,,6.1,7.3
303,Four Micro-ondes,,80.8,63.2
304,Four Micro-ondes,,37.8,
305,Four Micro-ondes,,46.3,48.6
306,Four Micro-ondes,,55.9,66.5
307,Four Micro-ondes,,33.9,
308,Four Micro-ondes,,16.4,11.6
309,Four Micro-ondes,,44.6,50.2
310,Four Micro-ondes,,15.3,17.3
401,Four Micro-ondes,,28.9,
402,Four Micro-ondes,,47.1,34.9
403,Four Micro-ondes,,23.3,42.3
404,Four Micro-ondes,,12.5,18.6
406,Four Micro-ondes,,37.9,22.7
409,Four Micro-ondes,,24.5,35.9
410,Four Micro-ondes,,42.4,49.7
502,Four Micro-ondes,,42.6,46.8
503,Four Micro-ondes,,70.6,68.8
504,Four Micro-ondes,,31.4,46.3
505,Four Micro-ondes,,47.3,51.7
506,Four Micro-ondes,,27.6,28.6
508,Four Micro-ondes,,18.3,16.3
509,Four Micro-ondes,,169.3,
510,Four Micro-ondes,,47.9,52.2
601,Four Micro-ondes,,120.6,147.0
602,Four Micro-ondes,,35.8,38.6
603,Four Micro-ondes,,10.5,7.3
604,Four Micro-ondes,,18.9,29.3
605,Four Micro-ondes,,27.2,36.9
606,Four Micro-ondes,,23.2,36.0
607,Four Micro-ondes,,30.4,36.4
608,Four Micro-ondes,,8.1,13.6
701,Four Micro-ondes,,66.6,
702,Four Micro-ondes,,29.2,35.9
703,Four Micro-ondes,,29.5,48.6
704,Four Micro-ondes,,95.0,95.5
705,Four Micro-ondes,,65.5,50.4
707,Four Micro-ondes,,9.1,11.7
708,Four Micro-ondes,,19.5,
709,Four Micro-ondes,,28.5,40.6
802,Four Micro-ondes,,66.1,
803,Four Micro-ondes,,59.8,58.3
804,Four Micro-ondes,,87.5,84.1
804,Four Micro-ondes,,43.2,24.0
805,Four Micro-ondes,,68.8,57.4
807,Four Micro-ondes,,10.6,11.3
808,Four Micro-ondes,,28.0,
809,Four Micro-ondes,,44.2,
810,Four Micro-ondes,,46.1,53.9
902,Four Micro-ondes,,54.0,30.9
903,Four Micro-ondes,,31.6,32.5
904,Four Micro-ondes,,9.0,
905,Four Micro-ondes,,33.0,28.9
906,Four Micro-ondes,,45.7,
907,Four Micro-ondes,,21.4,13.1
908,Four Micro-ondes,,13.9,15.0
909,Four Micro-ondes,,38.2,83.2
910,Four Micro-ondes,,23.8,
912,Four Micro-ondes,,60.7,63.4
1001,Four Micro-ondes,,34.0,17.9
1002,Four Micro-ondes,,39.0,41.6
1004,Four Micro-ondes,,22.9,16.8
1005,Four Micro-ondes,,17.3,15.4
1006,Four Micro-ondes,,45.9,55.4
1008,Four Micro-ondes,,58.4,
1009,Four Micro-ondes,,39.6,45.1
1010,Four Micro-ondes,,81.0,78.3
1011,Four Micro-ondes,,61.3,65.3
121,Four Micro-ondes,,,11.5
122,Four Micro-ondes,,,49.4
420,Four Micro-ondes,,,23.3
421,Four Micro-ondes,,,36.1
520,Four Micro-ondes,,,4.5
620,Four Micro-ondes,,,7.3
720,Four Micro-ondes,,,27.6
721,Four Micro-ondes,,,8.4
722,Four Micro-ondes,,,43.1
820,Four Micro-ondes,,,5.3
821,Four Micro-ondes,,,6.4
822,Four Micro-ondes,,,18.9
823,Four Micro-ondes,,,16.0
908,Four Micro-ondes,,,15.0
921,Four Micro-ondes,,,25.0
922,Four Micro-ondes,,,38.5
1007,Four Micro-ondes,,,16.9
102,Fours,,75.5,42.1
103,Fours,,139.3,210.9
106,Fours,,24.4,
108,Fours,,64.9,
109,Fours,,81.9,
110,Fours,,128.5,155.4
201,Fours,,39.5,61.8
202,Fours,,100.2,122.2
205,Fours,,27.2,26.5
206,Fours,,141.6,148.1
207,Fours,,47.3,68.5
209,Fours,,226.1,264.4
210,Fours,,8.1,17.9
305,Fours,,96.5,31.9
306,Fours,,140.4,47.2
309,Fours,,104.6,107.2
401,Fours,,120.5,
402,Fours,,64.2,205.9
404,Fours,,96.2,152.0
406,Fours,,173.7,233.5
410,Fours,,41.7,27.6
501,Fours,,117.9,
502,Fours,,225.9,228.1
505,Fours,,125.9,157.6
508,Fours,,175.3,241.4
509,Fours,,486.2,
510,Fours,,227.6,320.0
602,Fours,,138.6,99.1
604,Fours,,23.6,45.0
605,Fours,,116.6,175.3
607,Fours,,153.7,298.6
608,Fours,,21.3,23.0
701,Fours,,151.9,
703,Fours,,198.2,190.6
704,Fours,,250.5,275.2
705,Fours,,159.8,146.6
706,Fours,,66.7,43.5
707,Fours,,108.9,111.1
709,Fours,,138.2,97.1
801,Fours,,251.6,437.9
802,Fours,,227.0,
803,Fours,,161.0,202.5
804,Fours,,62.2,105.7
805,Fours,,121.0,130.3
806,Fours,,339.8,371.6
807,Fours,,149.4,43.8
808,Fours,,113.2,
809,Fours,,168.9,
902,Fours,,162.0,342.2
903,Fours,,120.6,160.8
905,Fours,,57.8,55.7
906,Fours,,136.7,
908,Fours,,143.3,183.6
910,Fours,,63.6,
911,Fours,,302.3,431.1
912,Fours,,267.5,267.3
1001,Fours,,83.2,62.3
1004,Fours,,148.0,454.1
1006,Fours,,213.0,124.9
1007,Fours,,271.6,201.6
1008,Fours,,306.7,
1009,Fours,,222.1,245.6
1010,Fours,,262.5,369.7
1011,Fours,,184.3,177.7
120,Fours,,,97.7
123,Fours,,,121.6
326,Fours,,,158.2
420,Fours,,,39.0
421,Fours,,,288.0
620,Fours,,,223.3
720,Fours,,,180.0
721,Fours,,,152.2
820,Fours,,,49.9
821,Fours,,,93.7
822,Fours,,,34.0
823,Fours,,,70.3
921,Fours,,,221.8
922,Fours,,,58.7
101,Général,,2083.6,2323.2
102,Général,,3282.7,2542.3
103,Général,,4188.0,4113.2
104,Général,,1369.0,
105,Général,,2801.9,3053.5
106,Général,,1531.0,
107,Général,,951.9,685.1
108,Général,,3376.4,
109,Général,,1535.9,
110,Général,,1166.5,1215.4
120,Général,,,2150.7
121,Général,,,1413.1
122,Général,,,1489.1
123,Général,,,1966.5
201,Général,,3436.8,3274.2
202,Général,,6532.9,5449.1
203,Général,,3920.5,3698.4
204,Général,,10056.3,10516.4
205,Général,,3040.1,3183.1
206,Général,,8603.0,12816.2
207,Général,,7061.1,7086.4
208,Général,,1094.2,
209,Général,,4563.7,4790.2
210,Général,,3965.4,4767.4
301,Général,,1345.0,1089.1
302,Général,,1411.5,1313.8
303,Général,,2608.8,2301.5
304,Général,,8446.5,
305,Général,,1665.3,1541.2
306,Général,,8126.7,6290.5
307,Général,,1196.2,
308,Général,,1539.3,1548.5
309,Général,,1395.4,1475.7
310,Général,,5097.4,6730.2
311,Général,,3351.4,3459.5
320,Général,,,1301.5
326,Général,,,1317.6
401,Général,,6033.7,
402,Général,,4721.5,4499.1
403,Général,,1582.5,1227.7
404,Général,,1396.3,1853.1
405,Général,,4492.3,1153.4
406,Général,,7369.1,7617.5
407,Général,,5560.8,3662.3
408,Général,,2271.8,
409,Général,,3621.7,3560.5
410,Général,,7809.4,8517.8
420,Général,,,1876.7
421,Général,,,1977.1
501,Général,,1276.9,
502,Général,,11529.6,12662.1
503,Général,,7011.7,6309.3
504,Général,,1251.1,1139.5
505,Général,,4806.5,3658.8
506,Général,,2554.6,2699.4
507,Général,,994.8,1065.8
508,Général,,2885.0,9556.4
509,Général,,3738.4,
510,Général,,4309.0,4958.4
520,Général,,,620.9
601,Général,,13759.9,4409.6
602,Général,,2550.6,2756.1
603,Général,,2209.2,1967.7
604,Général,,2006.0,2238.4
605,Général,,3397.2,3883.5
606,Général,,1161.1,1382.9
607,Général,,9811.4,7718.0
608,Général,,1377.1,1540.2
620,Général,,,3764.9
701,Général,,8745.5,
702,Général,,2237.3,3024.9
703,Général,,9013.3,10102.4
704,Général,,3113.1,3158.3
705,Général,,7827.2,9381.1
706,Général,,6589.5,8847.2
707,Général,,5416.2,5656.8
708,Général,,1453.6,
709,Général,,5196.7,5446.5
720,Général,,,6526.7
721,Général,,,8475.2
722,Général,,,2919.1
801,Général,,6815.5,7235.2
802,Général,,4756.1,
803,Général,,10922.3,11464.6
804,Général,,12229.9,12652.4
805,Général,,4889.1,5491.3
806,Général,,5514.0,6517.7
807,Général,,4249.8,4428.1
808,Général,,18596.2,
809,Général,,9246.2,
810,Général,,6828.7,12309.2
820,Général,,,978.8
821,Général,,,1010.4
822,Général,,,1849.6
823,Général,,,1677.7
901,Général,,1031.1,961.2
902,Général,,7480.5,8644.6
903,Général,,3271.2,3331.5
904,Général,,2179.7,
905,Général,,2412.3,2408.4
906,Général,,11342.8,
907,Général,,2981.1,2516.9
908,Général,,1123.3,1184.4
909,Général,,2327.1,2163.8
910,Général,,4510.4,
911,Général,,13974.7,13296.2
912,Général,,11081.6,11147.5
921,Général,,,9480.8
922,Général,,,1266.4
1001,Général,,3741.3,3578.1
1002,Général,,5607.3,6672.1
1003,Général,,2567.9,2415.4
1004,Général,,4316.8,5719.9
1005,Général,,2154.7,2261.8
1006,Général,,5322.1,5612.9
1007,Général,,4094.3,4558.5
1008,Général,,6385.6,
1009,Général,,4829.0,4579.4
1010,Général,,9306.8,11374.2
1011,Général,,6096.5,5365.5
101,Hifi,HIFI,1.3,0.0
105,Hifi,HIFI,,0.0
109,Hifi,HIFI,17.3,
121,Hifi,HIFI,,1.7
122,Hifi,HIFI,,16.3
123,Hifi,HIFI,,1.1
203,Hifi,HIFI,3.2,3.5
205,Hifi,HIFI,48.8,47.1
206,Hifi,HIFI,19.5,78.6
210,Hifi,HIFI,13.5,13.6
301,Hifi,HIFI,14.8,16.4
302,Hifi,HIFI,23.0,22.0
305,Hifi,HIFI,2.9,2.5
306,Hifi,HIFI,67.7,67.2
310,Hifi,HIFI,0.9,0.9
311,Hifi,HIFI,29.8,57.4
320,Hifi,HIFI,,8.3
403,Hifi,HIFI,,3.7
407,Hifi,HIFI,0.8,1.4
506,Hifi,HIFI,4.5,4.9
507,Hifi,HIFI,58.4,62.7
601,Hifi,HIFI,54.3,111.6
602,Hifi,HIFI,67.6,72.0
605,Hifi,HIFI,15.2,15.2
606,Hifi,HIFI,0.5,
607,Hifi,HIFI,31.8,32.1
702,Hifi,HIFI,147.1,151.4
703,Hifi,HIFI,11.6,1.0
704,Hifi,HIFI,51.2,55.9
705,Hifi,HIFI,11.0,6.2
706,Hifi,HIFI,1.0,1.0
707,Hifi,HIFI,0.6,2.5
709,Hifi,HIFI,3.6,4.0
805,Hifi,HIFI,1.2,1.8
809,Hifi,HIFI,41.0,
903,Hifi,HIFI,142.2,122.0
909,Hifi,HIFI,,2.1
911,Hifi,HIFI,72.5,63.2
912,Hifi,HIFI,4.3,0.3
922,Hifi,HIFI,,2.2
1001,Hifi,HIFI,1.9,2.2
1002,Hifi,HIFI,4.1,4.6
1005,Hifi,HIFI,5.1,4.5
1010,Hifi,HIFI,13.3,13.7
201,Hifi,HIFI 2,5.3,5.1
102,Hottes,,6.7,7.3
103,Hottes,,2.8,2.4
205,Hottes,,17.5,
206,Hottes,,30.3,27.8
207,Hottes,,5.6,3.0
208,Hottes,,15.5,
304,Hottes,,19.1,
305,Hottes,,11.8,11.0
308,Hottes,,8.7,13.2
310,Hottes,,0.6,2.1
408,Hottes,,6.8,
604,Hottes,,4.9,6.3
704,Hottes,,27.2,24.9
707,Hottes,,17.8,20.8
807,Hottes,,12.7,13.9
902,Hottes,,24.8,24.8
906,Hottes,,2.6,
1004,Hottes,,55.3,70.0
1006,Hottes,,27.5,27.5
1007,Hottes,,43.0,34.1
123,Hottes,,,33.9
320,Hottes,,,11.3
722,Hottes,,,9.3
822,Hottes,,,1.1
823,Hottes,,,6.9
1001,Hottes,,,3.9
104,Imprimantes,JET D'ENCRE,0.4,
106,Imprimantes,JET D'ENCRE,7.7,
108,Imprimantes,JET D'ENCRE,1.5,
201,Imprimantes,JET D'ENCRE,1.4,1.3
202,Imprimantes,JET D'ENCRE,8.1,1.2
204,Imprimantes,JET D'ENCRE,11.1,23.2
205,Imprimantes,JET D'ENCRE,1.7,1.5
209,Imprimantes,JET D'ENCRE,11.0,12.3
210,Imprimantes,JET D'ENCRE,3.8,2.0
301,Imprimantes,JET D'ENCRE,0.2,0.8
304,Imprimantes,JET D'ENCRE,2.4,
305,Imprimantes,JET D'ENCRE,0.2,0.3
307,Imprimantes,JET D'ENCRE,63.1,
308,Imprimantes,JET D'ENCRE,2.9,7.6
311,Imprimantes,JET D'ENCRE,10.4,10.8
404,Imprimantes,JET D'ENCRE,14.7,20.1
407,Imprimantes,JET D'ENCRE,51.1,4.1
505,Imprimantes,JET D'ENCRE,0.8,
508,Imprimantes,JET D'ENCRE,0.3,0.2
509,Imprimantes,JET D'ENCRE,21.6,
510,Imprimantes,JET D'ENCRE,0.2,0.3
601,Imprimantes,JET D'ENCRE,9.5,9.7
602,Imprimantes,JET D'ENCRE,1.2,1.2
603,Imprimantes,JET D'ENCRE,0.5,0.2
604,Imprimantes,JET D'ENCRE,11.2,11.4
605,Imprimantes,JET D'ENCRE,21.7,
606,Imprimantes,JET D'ENCRE,0.6,0.6
701,Imprimantes,JET D'ENCRE,0.4,
709,Imprimantes,JET D'ENCRE,1.4,1.5
804,Imprimantes,JET D'ENCRE,1.4,17.1
806,Imprimantes,JET D'ENCRE,10.3,6.6
807,Imprimantes,JET D'ENCRE,54.9,
808,Imprimantes,JET D'ENCRE,3.5,
809,Imprimantes,JET D'ENCRE,5.1,
810,Imprimantes,JET D'ENCRE,1.8,1.7
904,Imprimantes,JET D'ENCRE,139.8,
905,Imprimantes,JET D'ENCRE,0.2,0.0
908,Imprimantes,JET D'ENCRE,0.3,0.2
1002,Imprimantes,JET D'ENCRE,2.1,1.4
1004,Imprimantes,JET D'ENCRE,3.0,2.6
1005,Imprimantes,JET D'ENCRE,0.4,0.6
1006,Imprimantes,JET D'ENCRE,3.7,20.8
1007,Imprimantes,JET D'ENCRE,1.9,3.4
1008,Imprimantes,JET D'ENCRE,0.9,
1011,Imprimantes,JET D'ENCRE,4.1,13.5
503,Imprimantes,JET D'ENCRE,,0.1
520,Imprimantes,JET D'ENCRE,,0.3
922,Imprimantes,JET D'ENCRE,,1.0
105,Imprimantes,LASER,0.3,0.2
206,Imprimantes,LASER,61.6,2.6
302,Imprimantes,LASER,0.4,0.5
410,Imprimantes,LASER,1.6,1.2
803,Imprimantes,LASER,17.8,8.6
902,Imprimantes,LASER,49.3,50.7
907,Imprimantes,LASER,0.2,0.1
1001,Imprimantes,LASER,1.8,0.4
326,Imprimantes,LASER,,1.9
102,Lave linge,HUBLOT,59.8,16.6
104,Lave linge,HUBLOT,99.3,
105,Lave linge,HUBLOT,199.0,187.5
107,Lave linge,HUBLOT,11.4,8.8
108,Lave linge,HUBLOT,23.8,
110,Lave linge,HUBLOT,67.7,98.5
201,Lave linge,HUBLOT,59.7,55.8
202,Lave linge,HUBLOT,124.0,131.5
203,Lave linge,HUBLOT,60.2,55.5
204,Lave linge,HUBLOT,11.9,22.5
205,Lave linge,HUBLOT,59.4,66.7
206,Lave linge,HUBLOT,247.0,256.7
207,Lave linge,HUBLOT,39.5,45.4
209,Lave linge,HUBLOT,114.2,125.5
210,Lave linge,HUBLOT,35.0,59.8
301,Lave linge,HUBLOT,92.0,88.5
303,Lave linge,HUBLOT,25.6,20.0
304,Lave linge,HUBLOT,106.9,
306,Lave linge,HUBLOT,68.6,72.7
307,Lave linge,HUBLOT,32.4,
308,Lave linge,HUBLOT,88.6,67.2
310,Lave linge,HUBLOT,12.1,14.9
311,Lave linge,HUBLOT,138.0,133.4
402,Lave linge,HUBLOT,38.7,59.3
403,Lave linge,HUBLOT,87.9,54.4
404,Lave linge,HUBLOT,41.9,75.1
406,Lave linge,HUBLOT,131.2,89.2
409,Lave linge,HUBLOT,93.8,129.4
502,Lave linge,HUBLOT,326.2,335.1
503,Lave linge,HUBLOT,136.8,141.9
505,Lave linge,HUBLOT,82.4,81.7
507,Lave linge,HUBLOT,19.6,29.7
508,Lave linge,HUBLOT,330.2,318.0
510,Lave linge,HUBLOT,126.1,160.6
601,Lave linge,HUBLOT,222.9,285.2
602,Lave linge,HUBLOT,77.5,114.5
605,Lave linge,HUBLOT,107.9,91.6
607,Lave linge,HUBLOT,159.5,90.9
608,Lave linge,HUBLOT,17.7,17.5
701,Lave linge,HUBLOT,104.0,
702,Lave linge,HUBLOT,56.8,62.2
703,Lave linge,HUBLOT,140.6,137.2
704,Lave linge,HUBLOT,97.1,105.0
707,Lave linge,HUBLOT,60.1,60.2
802,Lave linge,HUBLOT,202.7,
803,Lave linge,HUBLOT,97.8,179.7
804,Lave linge,HUBLOT,123.1,146.2
805,Lave linge,HUBLOT,101.4,145.9
806,Lave linge,HUBLOT,100.5,108.1
807,Lave linge,HUBLOT,174.3,211.3
809,Lave linge,HUBLOT,239.3,
810,Lave linge,HUBLOT,54.7,66.5
902,Lave linge,HUBLOT,440.7,442.0
903,Lave linge,HUBLOT,50.2,55.9
904,Lave linge,HUBLOT,49.1,
905,Lave linge,HUBLOT,47.6,64.5
906,Lave linge,HUBLOT,289.2,
907,Lave linge,HUBLOT,17.1,12.7
908,Lave linge,HUBLOT,37.4,42.6
910,Lave linge,HUBLOT,66.7,
911,Lave linge,HUBLOT,99.0,100.8
1001,Lave linge,HUBLOT,58.8,43.4
1002,Lave linge,HUBLOT,61.2,55.4
1003,Lave linge,HUBLOT,40.8,37.1
1004,Lave linge,HUBLOT,216.6,205.0
1007,Lave linge,HUBLOT,178.8,72.4
1008,Lave linge,HUBLOT,134.3,
1009,Lave linge,HUBLOT,96.5,115.6
1010,Lave linge,HUBLOT,104.2,120.1
1011,Lave linge,HUBLOT,244.6,247.8
120,Lave linge,HUBLOT,,57.6
121,Lave linge,HUBLOT,,109.4
123,Lave linge,HUBLOT,,178.9
320,Lave linge,HUBLOT,,5.8
326,Lave linge,HUBLOT,,38.5
420,Lave linge,HUBLOT,,34.3
421,Lave linge,HUBLOT,,80.8
520,Lave linge,HUBLOT,,27.2
720,Lave linge,HUBLOT,,88.2
721,Lave linge,HUBLOT,,75.8
722,Lave linge,HUBLOT,,167.0
820,Lave linge,HUBLOT,,63.4
821,Lave linge,HUBLOT,,93.1
822,Lave linge,HUBLOT,,43.4
823,Lave linge,HUBLOT,,78.3
922,Lave linge,HUBLOT,,19.4
305,Lave linge,SÉCHANTE,93.7,230.2
405,Lave linge,SÉCHANTE,13.3,3.8
504,Lave linge,SÉCHANTE,36.9,39.1
801,Lave linge,SÉCHANTE,134.3,282.4
101,Lave linge,TOP,39.8,44.6
103,Lave linge,TOP,54.2,64.0
106,Lave linge,TOP,62.9,
109,Lave linge,TOP,116.6,
208,Lave linge,TOP,16.1,
302,Lave linge,TOP,94.1,88.1
309,Lave linge,TOP,27.4,16.8
401,Lave linge,TOP,183.9,
407,Lave linge,TOP,120.6,39.4
410,Lave linge,TOP,29.1,26.9
501,Lave linge,TOP,145.5,
506,Lave linge,TOP,33.6,33.4
509,Lave linge,TOP,88.3,
603,Lave linge,TOP,176.1,176.9
604,Lave linge,TOP,86.3,67.7
606,Lave linge,TOP,89.5,131.9
705,Lave linge,TOP,138.1,126.8
706,Lave linge,TOP,61.9,94.0
708,Lave linge,TOP,80.1,
709,Lave linge,TOP,59.9,54.3
808,Lave linge,TOP,138.0,
901,Lave linge,TOP,53.1,62.4
909,Lave linge,TOP,55.7,44.9
912,Lave linge,TOP,96.0,93.7
1005,Lave linge,TOP,38.1,40.3
1006,Lave linge,TOP,172.0,188.8
122,Lave linge,TOP,,74.2
620,Lave linge,TOP,,69.2
921,Lave linge,TOP,,110.7
102,Lave vaisselle,,54.2,30.0
103,Lave vaisselle,,76.1,66.6
104,Lave vaisselle,,92.6,
105,Lave vaisselle,,405.3,448.1
108,Lave vaisselle,,27.6,
109,Lave vaisselle,,142.1,
201,Lave vaisselle,,150.6,132.7
202,Lave vaisselle,,195.3,330.1
206,Lave vaisselle,,395.3,250.9
207,Lave vaisselle,,57.2,47.5
209,Lave vaisselle,,311.9,306.9
210,Lave vaisselle,,3.4,30.6
301,Lave vaisselle,,73.7,74.8
302,Lave vaisselle,,109.8,98.1
304,Lave vaisselle,,251.1,
305,Lave vaisselle,,205.7,275.8
310,Lave vaisselle,,59.9,104.1
311,Lave vaisselle,,166.9,216.4
401,Lave vaisselle,,188.1,
402,Lave vaisselle,,110.2,129.9
403,Lave vaisselle,,123.0,104.7
407,Lave vaisselle,,113.8,39.4
409,Lave vaisselle,,122.3,148.9
410,Lave vaisselle,,117.3,154.0
501,Lave vaisselle,,46.7,
502,Lave vaisselle,,75.6,90.0
503,Lave vaisselle,,85.9,74.1
505,Lave vaisselle,,321.6,312.3
507,Lave vaisselle,,33.9,37.1
508,Lave vaisselle,,237.1,242.6
510,Lave vaisselle,,185.2,114.4
601,Lave vaisselle,,133.0,169.7
604,Lave vaisselle,,170.5,160.2
605,Lave vaisselle,,358.5,412.6
606,Lave vaisselle,,92.3,108.8
607,Lave vaisselle,,248.1,218.8
608,Lave vaisselle,,23.0,49.7
701,Lave vaisselle,,149.0,
702,Lave vaisselle,,210.3,235.4
703,Lave vaisselle,,186.4,252.6
704,Lave vaisselle,,306.1,344.8
705,Lave vaisselle,,137.0,129.2
706,Lave vaisselle,,91.5,122.7
707,Lave vaisselle,,72.8,70.5
708,Lave vaisselle,,60.3,
709,Lave vaisselle,,61.5,82.6
801,Lave vaisselle,,233.2,335.7
802,Lave vaisselle,,263.6,
804,Lave vaisselle,,117.4,198.9
805,Lave vaisselle,,154.5,194.3
806,Lave vaisselle,,103.9,106.9
807,Lave vaisselle,,128.3,188.3
808,Lave vaisselle,,217.5,
809,Lave vaisselle,,153.7,
810,Lave vaisselle,,235.6,300.3
902,Lave vaisselle,,523.9,489.4
903,Lave vaisselle,,313.6,413.8
905,Lave vaisselle,,90.2,98.7
908,Lave vaisselle,,12.3,1.0
909,Lave vaisselle,,50.1,43.7
910,Lave vaisselle,,157.3,
911,Lave vaisselle,,275.2,282.3
1001,Lave vaisselle,,87.8,99.9
1002,Lave vaisselle,,84.1,97.0
1004,Lave vaisselle,,233.5,257.2
1005,Lave vaisselle,,170.0,184.7
1006,Lave vaisselle,,187.9,157.1
1007,Lave vaisselle,,51.4,89.3
1008,Lave vaisselle,,386.6,
1009,Lave vaisselle,,207.1,226.0
1010,Lave vaisselle,,97.3,86.0
1011,Lave vaisselle,,301.8,298.5
120,Lave vaisselle,,,77.2
121,Lave vaisselle,,,93.8
122,Lave vaisselle,,,118.9
123,Lave vaisselle,,,93.0
303,Lave vaisselle,,,0.0
326,Lave vaisselle,,,115.7
421,Lave vaisselle,,,152.8
620,Lave vaisselle,,,81.4
720,Lave vaisselle,,,235.8
721,Lave vaisselle,,,167.4
722,Lave vaisselle,,,74.0
820,Lave vaisselle,,,75.4
821,Lave vaisselle,,,126.8
822,Lave vaisselle,,,102.7
823,Lave vaisselle,,,99.3
921,Lave vaisselle,,,193.6
204,Lave vaisselle,,,73.3
803,Lave vaisselle,,,179.7
406,Loisirs,Aquarium avec chauffage,759.8,794.9
209,Loisirs,Aquarium avec chauffage,688.3,953.7
105,Loisirs,Aquarium juste pompe,52.7,37.6
401,Loisirs,Aquarium juste pompe,29.1,
406,Loisirs,Aquarium juste pompe,14.2,
803,Loisirs,Balneo,36.8,38.3
806,Loisirs,Lit Motorise,35.3,1.3
503,Loisirs,Adoucisseur,24.8,27.3
804,Loisirs,Adoucisseur,13.4,14.8
106,Loisirs,Tapis De Course,0.0,
421,Loisirs,Aquarium juste pompe,,69.7
722,Loisirs,Aquarium juste pompe,,36.0
508,Loisirs,Aquarium avec chauffage,,873.4
201,Loisirs,Aquarium avec chauffage,,537.0
105,Mini_Fours,,127.4,152.3
204,Mini_Fours,,11.0,
210,Mini_Fours,,124.3,190.2
301,Mini_Fours,,22.2,19.1
307,Mini_Fours,,107.8,
311,Mini_Fours,,45.3,46.2
403,Mini_Fours,,50.9,0.0
408,Mini_Fours,,61.4,
603,Mini_Fours,,50.2,109.3
702,Mini_Fours,,4.9,
810,Mini_Fours,,197.7,189.4
904,Mini_Fours,,34.7,
907,Mini_Fours,,20.4,30.6
909,Mini_Fours,,98.6,84.2
1002,Mini_Fours,,16.9,24.0
1003,Mini_Fours,,5.1,7.4
1006,Mini_Fours,,17.0,
320,Mini_Fours,,,7.8
206,Mini_Fours,,,328.9
1008,Mobilité_électrique,TROTINETTE ÉLECTRIQUE,6.7,
703,Mobilité_électrique,VÉLO ÉLECTRIQUE,11.9,8.9
806,Mobilité_électrique,VÉLO ÉLECTRIQUE,6.8,7.8
911,Mobilité_électrique,VÉLO ÉLECTRIQUE,4.1,1.1
1005,Mobilité_électrique,VÉLO ÉLECTRIQUE,22.1,15.2
1006,Mobilité_électrique,VÉLO ÉLECTRIQUE,9.2,31.0
720,Mobilité_électrique,VÉLO ÉLECTRIQUE,,1.3
103,Multicuiseurs,,2.1,0.1
105,Multicuiseurs,,5.7,10.1
206,Multicuiseurs,,16.2,66.6
207,Multicuiseurs,,2.7,3.2
304,Multicuiseurs,,4.8,
401,Multicuiseurs,,12.5,
402,Multicuiseurs,,1.9,0.6
404,Multicuiseurs,,4.0,8.5
404,Multicuiseurs,,0.0,
409,Multicuiseurs,,3.2,6.6
502,Multicuiseurs,,38.4,31.6
505,Multicuiseurs,,41.7,25.4
506,Multicuiseurs,,2.9,3.8
508,Multicuiseurs,,20.3,21.0
510,Multicuiseurs,,6.0,9.5
601,Multicuiseurs,,17.8,21.1
605,Multicuiseurs,,1.0,0.9
608,Multicuiseurs,,1.9,3.2
702,Multicuiseurs,,91.9,46.5
801,Multicuiseurs,,63.3,50.8
802,Multicuiseurs,,51.0,
803,Multicuiseurs,,3.8,29.4
804,Multicuiseurs,,6.2,8.7
902,Multicuiseurs,,3.8,21.8
907,Multicuiseurs,,4.9,1.6
911,Multicuiseurs,,22.4,21.7
1007,Multicuiseurs,,13.0,
1008,Multicuiseurs,,8.1,
1011,Multicuiseurs,,21.0,22.5
101,Multicuiseurs,,,3.8
121,Multicuiseurs,,,20.4
122,Multicuiseurs,,,3.5
326,Multicuiseurs,,,22.1
410,Multicuiseurs,,,37.3
721,Multicuiseurs,,,15.1
822,Multicuiseurs,,,5.8
510,Multicuiseurs,,,62.2
1011,Nettoyage_sols,ASPIRATEUR À MAIN,3.3,0.7
402,Nettoyage_sols,ASPIRATEUR À MAIN,,2.8
108,Nettoyage_sols,ASPIRATEUR CENTRALISÉ,13.0,
410,Nettoyage_sols,ASPIRATEUR CENTRALISÉ,33.9,35.4
1010,Nettoyage_sols,ASPIRATEUR CENTRALISÉ,7.9,5.6
721,Nettoyage_sols,ASPIRATEUR CENTRALISÉ,,19.6
305,Nettoyage_sols,ASPIRATEUR FILAIRE,3.3,3.1
606,Nettoyage_sols,ASPIRATEUR FILAIRE,15.7,15.0
708,Nettoyage_sols,ASPIRATEUR FILAIRE,4.1,
805,Nettoyage_sols,ASPIRATEUR FILAIRE,51.4,39.3
105,Nettoyage_sols,ASPIRATEUR RECHARGEABLE,7.1,3.4
209,Nettoyage_sols,ASPIRATEUR RECHARGEABLE,6.3,12.1
401,Nettoyage_sols,ASPIRATEUR RECHARGEABLE,3.5,
404,Nettoyage_sols,ASPIRATEUR RECHARGEABLE,3.3,5.3
409,Nettoyage_sols,ASPIRATEUR RECHARGEABLE,2.9,3.7
605,Nettoyage_sols,ASPIRATEUR RECHARGEABLE,0.9,0.8
708,Nettoyage_sols,ASPIRATEUR RECHARGEABLE,3.0,
801,Nettoyage_sols,ASPIRATEUR RECHARGEABLE,8.2,8.9
802,Nettoyage_sols,ASPIRATEUR RECHARGEABLE,10.3,
912,Nettoyage_sols,ASPIRATEUR RECHARGEABLE,5.0,
1001,Nettoyage_sols,ASPIRATEUR RECHARGEABLE,1.0,
1007,Nettoyage_sols,ASPIRATEUR RECHARGEABLE,3.4,6.2
121,Nettoyage_sols,ASPIRATEUR RECHARGEABLE,,1.0
123,Nettoyage_sols,ASPIRATEUR RECHARGEABLE,,0.6
806,Nettoyage_sols,ASPIRATEUR RECHARGEABLE,,43.4
822,Nettoyage_sols,ASPIRATEUR RECHARGEABLE,,2.2
823,Nettoyage_sols,ASPIRATEUR RECHARGEABLE,,4.2
121,Nettoyage_sols,ASPIRATEUR RECHARGEABLE,,3.0
508,Nettoyage_sols,ASPIRATEUR ROBOT,3.9,2.2
604,Nettoyage_sols,ASPIRATEUR ROBOT,19.5,19.9
803,Nettoyage_sols,ASPIRATEUR ROBOT,17.7,13.3
902,Nettoyage_sols,ASPIRATEUR ROBOT,3.1,
1006,Nettoyage_sols,ASPIRATEUR ROBOT,8.6,3.5
402,Nettoyage_sols,NETTOYEUR VAPEUR,1.6,2.8
708,Nettoyage_sols,NETTOYEUR VAPEUR,1.9,
121,Nettoyage_sols,NETTOYEUR VAPEUR,,1.2
101,Ordi_fixes,,6.6,2.3
108,Ordi_fixes,,45.0,
110,Ordi_fixes,,0.0,78.8
120,Ordi_fixes,,,5.2
122,Ordi_fixes,,,3.0
123,Ordi_fixes,,,2.0
201,Ordi_fixes,,52.5,38.4
201,Ordi_fixes,,50.6,39.6
206,Ordi_fixes,,,50.8
208,Ordi_fixes,,237.1,
304,Ordi_fixes,,67.8,
309,Ordi_fixes,,50.7,94.6
326,Ordi_fixes,,,39.0
326,Ordi_fixes,,,22.0
406,Ordi_fixes,,169.8,290.1
406,Ordi_fixes,,59.1,26.8
421,Ordi_fixes,,,18.2
502,Ordi_fixes,,213.7,249.0
503,Ordi_fixes,,75.8,27.3
505,Ordi_fixes,,10.2,9.1
520,Ordi_fixes,,,9.6
601,Ordi_fixes,,377.3,706.5
603,Ordi_fixes,,288.9,75.4
604,Ordi_fixes,,149.5,198.2
605,Ordi_fixes,,321.2,519.4
705,Ordi_fixes,,41.2,25.7
705,Ordi_fixes,,,90.2
709,Ordi_fixes,,6.2,46.0
720,Ordi_fixes,,,11.5
721,Ordi_fixes,,,19.3
803,Ordi_fixes,,272.4,457.6
803,Ordi_fixes,,51.3,32.8
803,Ordi_fixes,,1.7,2.5
805,Ordi_fixes,,58.2,23.5
806,Ordi_fixes,,,2.0
808,Ordi_fixes,,416.9,
809,Ordi_fixes,,58.1,
820,Ordi_fixes,,,41.6
823,Ordi_fixes,,,49.7
903,Ordi_fixes,,523.7,554.1
906,Ordi_fixes,,77.4,
909,Ordi_fixes,,14.3,
910,Ordi_fixes,,136.9,
921,Ordi_fixes,,,4.4
922,Ordi_fixes,,,0.6
1003,Ordi_fixes,,29.3,20.8
1004,Ordi_fixes,,18.9,4.7
1007,Ordi_fixes,,285.6,734.1
1008,Ordi_fixes,,37.4,
1009,Ordi_fixes,,89.9,76.7
1009,Ordi_fixes,,15.0,
1010,Ordi_fixes,,126.1,144.1
102,Ordi_portables,,10.3,
103,Ordi_portables,,23.9,25.5
104,Ordi_portables,,21.1,
105,Ordi_portables,,28.6,36.4
106,Ordi_portables,,49.0,
107,Ordi_portables,,20.4,31.6
109,Ordi_portables,,23.1,
110,Ordi_portables,,10.9,23.3
202,Ordi_portables,,15.6,
203,Ordi_portables,,18.3,26.8
204,Ordi_portables,,182.7,122.7
204,Ordi_portables,,182.2,
204,Ordi_portables,,13.4,
205,Ordi_portables,,25.5,27.1
206,Ordi_portables,,19.6,42.6
206,Ordi_portables,,14.2,
207,Ordi_portables,,1.8,2.5
209,Ordi_portables,,2.8,12.9
210,Ordi_portables,,73.8,70.5
210,Ordi_portables,,11.3,
301,Ordi_portables,,6.5,
302,Ordi_portables,,0.0,
303,Ordi_portables,,140.3,153.3
303,Ordi_portables,,6.5,2.6
303,Ordi_portables,,1.8,
304,Ordi_portables,,0.0,
305,Ordi_portables,,40.6,49.5
306,Ordi_portables,,28.0,37.5
307,Ordi_portables,,38.8,
308,Ordi_portables,,35.6,31.1
308,Ordi_portables,,4.0,1.0
309,Ordi_portables,,117.9,123.9
310,Ordi_portables,,6.3,
311,Ordi_portables,,48.9,11.2
311,Ordi_portables,,1.2,4.8
401,Ordi_portables,,36.8,
401,Ordi_portables,,16.0,
402,Ordi_portables,,4.9,83.6
403,Ordi_portables,,0.0,2.9
404,Ordi_portables,,7.1,8.9
406,Ordi_portables,,16.9,8.6
406,Ordi_portables,,13.7,65.6
407,Ordi_portables,,10.2,0.0
407,Ordi_portables,,7.9,7.5
407,Ordi_portables,,1.0,
408,Ordi_portables,,21.0,
409,Ordi_portables,,2.4,2.5
410,Ordi_portables,,12.6,7.6
501,Ordi_portables,,57.1,
502,Ordi_portables,,5.6,
503,Ordi_portables,,7.7,232.9
504,Ordi_portables,,24.2,27.6
505,Ordi_portables,,0.8,
506,Ordi_portables,,13.1,12.3
508,Ordi_portables,,5.0,9.7
509,Ordi_portables,,24.3,
510,Ordi_portables,,2.7,1.4
602,Ordi_portables,,19.6,95.0
605,Ordi_portables,,9.6,1.6
606,Ordi_portables,,7.7,9.9
607,Ordi_portables,,10.9,8.7
607,Ordi_portables,,7.6,17.4
607,Ordi_portables,,6.2,7.8
608,Ordi_portables,,3.3,2.0
701,Ordi_portables,,0.4,
702,Ordi_portables,,32.1,20.6
703,Ordi_portables,,6.8,10.9
704,Ordi_portables,,4.0,10.7
708,Ordi_portables,,19.2,
709,Ordi_portables,,6.8,5.1
803,Ordi_portables,,7.0,6.2
804,Ordi_portables,,42.2,46.1
804,Ordi_portables,,5.5,
805,Ordi_portables,,13.1,6.7
807,Ordi_portables,,8.0,6.9
808,Ordi_portables,,0.0,
810,Ordi_portables,,7.9,6.8
901,Ordi_portables,,9.6,12.2
902,Ordi_portables,,7.7,13.2
904,Ordi_portables,,74.5,
905,Ordi_portables,,19.3,21.1
907,Ordi_portables,,10.3,6.3
908,Ordi_portables,,5.3,0.6
909,Ordi_portables,,5.1,3.4
911,Ordi_portables,,4.8,6.6
1001,Ordi_portables,,22.9,30.8
1002,Ordi_portables,,13.7,9.2
1005,Ordi_portables,,0.2,0.5
1006,Ordi_portables,,24.7,16.0
1009,Ordi_portables,,4.4,2.6
1011,Ordi_portables,,33.6,
120,Ordi_portables,,,5.2
122,Ordi_portables,,,3.0
326,Ordi_portables,,,39.0
421,Ordi_portables,,,18.2
520,Ordi_portables,,,9.6
720,Ordi_portables,,,11.5
806,Ordi_portables,,,2.0
820,Ordi_portables,,,41.6
823,Ordi_portables,,,49.7
921,Ordi_portables,,,4.4
922,Ordi_portables,,,0.6
120,Ordi_portables,,,7.1
421,Ordi_portables,,,8.8
503,Ordi_portables,,,7.1
822,Ordi_portables,,,6.7
823,Ordi_portables,,,14.6
420,Ordi_portables,,,3.0
605,Périph_info_bureautique,ASSISTANT VOCAL,12.0,12.5
821,Périph_info_bureautique,ASSISTANT VOCAL,,19.0
108,Périph_info_bureautique,DISQUE DUR,5.3,
705,Périph_info_bureautique,HUB USB,52.6,
509,Périph_info_bureautique,SCANNER CODES BARRES,13.1,
510,Périph_info_bureautique,SCANNER CODES BARRES,13.1,
704,Périph_info_bureautique,SCANNER CODES BARRES,24.5,
705,Périph_info_bureautique,SCANNER CODES BARRES,14.9,
304,Périph_Internet_réseaux,SERVEUR,8.0,
607,Périph_Internet_réseaux,SERVEUR,122.7,153.8
1005,Périph_Internet_réseaux,SERVEUR,76.3,76.2
1007,Périph_Internet_réseaux,SERVEUR,,183.0
803,Périph_Internet_réseaux,SWITCH ETHERNET,44.4,42.8
204,Periph_multimedia,DÉCODEUR,130.2,95.0
505,Periph_multimedia,DÉCODEUR,125.6,102.0
803,Periph_multimedia,DÉCODEUR,97.6,98.0
808,Periph_multimedia,DÉCODEUR,114.3,
810,Periph_multimedia,DÉCODEUR,5.5,10.4
911,Periph_multimedia,DÉCODEUR,42.9,42.9
409,Periph_multimedia,LECTEUR DVD OU BLU RAY,0.6,0.6
506,Periph_multimedia,LECTEUR DVD OU BLU RAY,1.4,0.7
601,Periph_multimedia,LECTEUR DVD OU BLU RAY,51.5,27.1
604,Periph_multimedia,LECTEUR DVD OU BLU RAY,25.9,24.1
908,Periph_multimedia,LECTEUR DVD OU BLU RAY,0.5,0.5
1001,Periph_multimedia,LECTEUR DVD OU BLU RAY,5.1,
1004,Periph_multimedia,LECTEUR DVD OU BLU RAY,1.3,0.0
720,Periph_multimedia,LECTEUR DVD OU BLU RAY,,142.0
206,Piscines,SPA,2679.4,
502,Piscines,SPA,344.0,
505,Piscines,PETITE,215.0,
508,Piscines,SPA,5033.1,
508,Piscines,HORS SOL,346.5,
721,Piscines,HORS SOL,525.3,
803,Piscines,PETITE,364.6,
804,Piscines,HORS SOL,1746.8,1635.2
805,Piscines,PETITE,101.5,
902,Piscines,HORS SOL,206.5,268.3
911,Piscines,ENTERRÉE,2734.2,4086.3
1004,Piscines,HORS SOL,2517.0,1211.0
1010,Piscines,ENTERRÉE,1488.9,1247.1
1011,Piscines,HORS SOL,266.0,0.6
106,Plaques cuisson,FONTE,14.3,
603,Plaques cuisson,FONTE,182.1,
1002,Plaques cuisson,FONTE,99.7,99.4
421,Plaques cuisson,FONTE,,177.4
102,Plaques cuisson,INDUCTION,95.9,55.1
103,Plaques cuisson,INDUCTION,74.8,98.4
108,Plaques cuisson,INDUCTION,72.2,
110,Plaques cuisson,INDUCTION,129.5,139.2
206,Plaques cuisson,INDUCTION,158.6,157.4
207,Plaques cuisson,INDUCTION,51.7,98.9
306,Plaques cuisson,INDUCTION,212.0,306.2
401,Plaques cuisson,INDUCTION,206.0,
410,Plaques cuisson,INDUCTION,93.6,101.5
502,Plaques cuisson,INDUCTION,121.8,160.3
508,Plaques cuisson,INDUCTION,126.5,152.7
608,Plaques cuisson,INDUCTION,15.7,19.1
703,Plaques cuisson,INDUCTION,270.4,369.9
705,Plaques cuisson,INDUCTION,55.2,46.2
706,Plaques cuisson,INDUCTION,212.0,292.8
801,Plaques cuisson,INDUCTION,187.6,153.2
803,Plaques cuisson,INDUCTION,170.3,230.7
804,Plaques cuisson,INDUCTION,107.9,116.3
806,Plaques cuisson,INDUCTION,84.4,61.1
807,Plaques cuisson,INDUCTION,64.8,84.2
902,Plaques cuisson,INDUCTION,246.2,216.8
906,Plaques cuisson,INDUCTION,130.7,
908,Plaques cuisson,INDUCTION,65.6,86.1
910,Plaques cuisson,INDUCTION,40.7,
1009,Plaques cuisson,INDUCTION,24.3,
1010,Plaques cuisson,INDUCTION,398.5,431.0
1011,Plaques cuisson,INDUCTION,307.9,344.8
123,Plaques cuisson,INDUCTION,,82.6
326,Plaques cuisson,INDUCTION,,100.6
420,Plaques cuisson,INDUCTION,,18.6
721,Plaques cuisson,INDUCTION,,78.0
820,Plaques cuisson,INDUCTION,,48.2
821,Plaques cuisson,INDUCTION,,83.8
822,Plaques cuisson,INDUCTION,,41.4
823,Plaques cuisson,INDUCTION,,125.2
921,Plaques cuisson,INDUCTION,,169.6
1001,Plaques cuisson,INDUCTION,,96.9
305,Plaques cuisson,MIXTE,0.5,0.8
406,Plaques cuisson,MIXTE,15.1,48.7
505,Plaques cuisson,MIXTE,0.0,0.0
802,Plaques cuisson,MIXTE,4.1,
106,Plaques cuisson,VITROCÉRAMIQUE,68.9,
301,Plaques cuisson,VITROCÉRAMIQUE,45.3,55.1
307,Plaques cuisson,VITROCÉRAMIQUE,168.3,
309,Plaques cuisson,VITROCÉRAMIQUE,4.7,2.4
402,Plaques cuisson,VITROCÉRAMIQUE,57.6,82.1
408,Plaques cuisson,VITROCÉRAMIQUE,61.8,
509,Plaques cuisson,VITROCÉRAMIQUE,86.0,
605,Plaques cuisson,VITROCÉRAMIQUE,105.5,140.5
607,Plaques cuisson,VITROCÉRAMIQUE,531.6,601.2
704,Plaques cuisson,VITROCÉRAMIQUE,162.7,145.2
707,Plaques cuisson,VITROCÉRAMIQUE,98.9,129.6
905,Plaques cuisson,VITROCÉRAMIQUE,166.5,151.3
911,Plaques cuisson,VITROCÉRAMIQUE,489.9,534.3
1003,Plaques cuisson,VITROCÉRAMIQUE,152.6,169.0
1007,Plaques cuisson,VITROCÉRAMIQUE,180.5,182.8
120,Plaques cuisson,VITROCÉRAMIQUE,,111.8
320,Plaques cuisson,VITROCÉRAMIQUE,,198.4
922,Plaques cuisson,VITROCÉRAMIQUE,,46.7
103,Poêles,POELE A GRANULES,151.1,134.7
202,Poêles,POELE A GRANULES,87.4,101.7
401,Poêles,POELE A GRANULES,75.7,
508,Poêles,POELE A GRANULES,38.7,26.1
709,Poêles,POELE A GRANULES,70.5,83.7
810,Poêles,POELE A GRANULES,147.8,
209,Poêles,POELE A GRANULES,,34.8
720,Poêles,POELE A GRANULES,,202.1
407,Poêles,POELE PÉTROLE,38.1,37.1
906,Pompes,MICROSTATION,372.6,
707,Pompes,POMPE CAVE,3.4,5.7
706,Pompes,POMPE FOSSE SCEPTIQUE,7.7,10.0
1010,Pompes,POMPE JARDIN,135.5,72.8
620,Pompes,POMPE JARDIN,,3.4
720,Pompes,POMPE JARDIN,,24.9
206,Pompes,POMPE JARDIN,,39.9
401,Réfricongélateur,,451.2,
406,Réfricongélateur,,927.7,1001.3
803,Réfricongélateur,,920.8,972.0
1011,Réfricongélateur,,389.7,393.4
721,Réfricongélateur,,,750.2
101,Réfricongélateur,,119.1,123.7
102,Réfricongélateur,,252.0,229.3
103,Réfricongélateur,,268.2,256.7
104,Réfricongélateur,,172.9,
105,Réfricongélateur,,248.4,244.7
106,Réfricongélateur,,496.8,
107,Réfricongélateur,,268.7,275.7
109,Réfricongélateur,,335.4,
110,Réfricongélateur,,230.9,232.4
202,Réfricongélateur,,320.6,146.6
204,Réfricongélateur,,186.7,228.3
205,Réfricongélateur,,525.6,554.7
207,Réfricongélateur,,218.5,200.5
210,Réfricongélateur,,291.1,197.5
302,Réfricongélateur,,211.3,210.4
303,Réfricongélateur,,385.4,402.2
304,Réfricongélateur,,443.2,
305,Réfricongélateur,,434.9,239.3
306,Réfricongélateur,,496.5,474.6
307,Réfricongélateur,,260.5,
308,Réfricongélateur,,349.5,328.3
309,Réfricongélateur,,534.4,586.0
310,Réfricongélateur,,251.3,254.1
311,Réfricongélateur,,398.6,449.1
402,Réfricongélateur,,364.2,348.3
403,Réfricongélateur,,185.8,173.2
404,Réfricongélateur,,203.7,229.6
408,Réfricongélateur,,274.1,
409,Réfricongélateur,,251.9,277.5
410,Réfricongélateur,,335.0,336.7
501,Réfricongélateur,,272.4,
502,Réfricongélateur,,771.3,784.6
502,Réfricongélateur,,285.1,262.3
503,Réfricongélateur,,308.2,354.0
504,Réfricongélateur,,344.5,355.7
505,Réfricongélateur,,358.3,437.7
506,Réfricongélateur,,247.3,249.7
507,Réfricongélateur,,314.1,328.6
508,Réfricongélateur,,336.5,375.2
509,Réfricongélateur,,681.1,
510,Réfricongélateur,,283.4,325.0
601,Réfricongélateur,,441.9,338.6
601,Réfricongélateur,,313.9,409.0
602,Réfricongélateur,,178.8,217.2
604,Réfricongélateur,,310.6,353.6
605,Réfricongélateur,,345.1,325.3
606,Réfricongélateur,,300.8,334.3
607,Réfricongélateur,,273.5,263.5
608,Réfricongélateur,,240.0,230.5
702,Réfricongélateur,,303.1,252.0
702,Réfricongélateur,,44.0,566.1
703,Réfricongélateur,,335.1,390.2
704,Réfricongélateur,,369.0,368.9
706,Réfricongélateur,,431.5,354.8
707,Réfricongélateur,,302.6,315.5
707,Réfricongélateur,,244.3,286.1
709,Réfricongélateur,,193.2,199.3
801,Réfricongélateur,,590.1,541.9
802,Réfricongélateur,,225.6,
806,Réfricongélateur,,376.3,389.0
807,Réfricongélateur,,429.8,405.2
808,Réfricongélateur,,334.0,
809,Réfricongélateur,,352.6,
810,Réfricongélateur,,448.1,416.7
902,Réfricongélateur,,308.6,349.1
903,Réfricongélateur,,383.7,363.9
904,Réfricongélateur,,239.0,
905,Réfricongélateur,,392.1,441.4
906,Réfricongélateur,,430.0,
907,Réfricongélateur,,489.3,252.0
908,Réfricongélateur,,302.0,306.3
909,Réfricongélateur,,342.0,319.6
910,Réfricongélateur,,240.5,
911,Réfricongélateur,,508.1,513.0
912,Réfricongélateur,,400.2,382.5
1001,Réfricongélateur,,296.3,280.2
1002,Réfricongélateur,,281.8,278.9
1004,Réfricongélateur,,304.7,295.0
1005,Réfricongélateur,,548.8,563.0
1007,Réfricongélateur,,294.7,290.3
1008,Réfricongélateur,,303.2,
1009,Réfricongélateur,,236.6,231.5
1009,Réfricongélateur,,178.5,82.6
120,Réfricongélateur,,,340.1
121,Réfricongélateur,,,206.1
123,Réfricongélateur,,,313.3
420,Réfricongélateur,,,206.1
421,Réfricongélateur,,,418.2
520,Réfricongélateur,,,306.7
620,Réfricongélateur,,,399.6
720,Réfricongélateur,,,558.6
722,Réfricongélateur,,,365.7
820,Réfricongélateur,,,266.9
821,Réfricongélateur,,,188.6
822,Réfricongélateur,,,473.2
823,Réfricongélateur,,,351.0
921,Réfricongélateur,,,328.7
922,Réfricongélateur,,,478.5
122,Réfricongélateur,,,258.7
326,Réfricongélateur,,,170.6
107,Réfrigérateur,,111.4,
108,Réfrigérateur,,209.1,
201,Réfrigérateur,,201.4,179.2
203,Réfrigérateur,,136.6,118.8
206,Réfrigérateur,,108.7,100.0
208,Réfrigérateur,,95.7,
209,Réfrigérateur,,157.6,150.2
209,Réfrigérateur,,272.9,248.0
301,Réfrigérateur,,142.9,127.8
405,Réfrigérateur,,111.1,114.7
406,Réfrigérateur,,452.8,399.1
407,Réfrigérateur,,195.6,189.0
602,Réfrigérateur,,161.5,158.4
603,Réfrigérateur,,155.8,148.4
607,Réfrigérateur,,195.4,195.5
701,Réfrigérateur,,148.9,
705,Réfrigérateur,,124.5,121.7
705,Réfrigérateur,,250.4,212.8
708,Réfrigérateur,,117.5,
709,Réfrigérateur,,148.6,110.3
803,Réfrigérateur,,39.8,80.8
804,Réfrigérateur,,208.3,206.5
805,Réfrigérateur,,170.2,164.0
901,Réfrigérateur,,111.3,148.2
902,Réfrigérateur,,153.6,152.4
1003,Réfrigérateur,,113.5,104.0
1006,Réfrigérateur,,210.3,222.9
1010,Réfrigérateur,,137.8,143.7
320,Réfrigérateur,,,136.5
210,Repassage,CENTRALE VAPEUR DE REPASSAGE,0.0,0.0
302,Repassage,CENTRALE VAPEUR DE REPASSAGE,33.7,27.9
303,Repassage,CENTRALE VAPEUR DE REPASSAGE,38.3,34.4
304,Repassage,CENTRALE VAPEUR DE REPASSAGE,29.0,
309,Repassage,CENTRALE VAPEUR DE REPASSAGE,34.3,12.0
506,Repassage,CENTRALE VAPEUR DE REPASSAGE,7.1,14.2
604,Repassage,CENTRALE VAPEUR DE REPASSAGE,38.1,25.9
704,Repassage,CENTRALE VAPEUR DE REPASSAGE,11.2,18.3
806,Repassage,CENTRALE VAPEUR DE REPASSAGE,13.4,9.5
809,Repassage,CENTRALE VAPEUR DE REPASSAGE,22.3,
903,Repassage,CENTRALE VAPEUR DE REPASSAGE,23.7,22.7
911,Repassage,CENTRALE VAPEUR DE REPASSAGE,42.2,29.9
121,Repassage,CENTRALE VAPEUR DE REPASSAGE,,14.5
720,Repassage,CENTRALE VAPEUR DE REPASSAGE,,16.8
721,Repassage,CENTRALE VAPEUR DE REPASSAGE,,10.8
722,Repassage,CENTRALE VAPEUR DE REPASSAGE,,16.5
902,Repassage,CENTRALE VAPEUR DE REPASSAGE,,37.7
420,Repassage,CENTRALE VAPEUR DE REPASSAGE,,2.7
403,Repassage,FER À REPASSER,42.0,13.7
705,Repassage,FER À REPASSER,45.0,40.0
201,Santé,APNESOMMEIL,104.8,
208,Santé,APNESOMMEIL,52.4,
309,Santé,APNESOMMEIL,40.4,81.1
307,Santé,APNESOMMEIL,34.2,
407,Santé,APNESOMMEIL,25.0,25.0
121,Santé,APNESOMMEIL,,25.0
403,Santé,CHARGEUR FAUTEUIL ROULANT,46.5,
607,Sèche linge,CONDENSATION,782.6,549.8
701,Sèche linge,CONDENSATION,562.9,
809,Sèche linge,CONDENSATION,468.6,
304,Sèche linge,CONDENSATION,463.4,
802,Sèche linge,CONDENSATION,451.3,
311,Sèche linge,CONDENSATION,448.6,454.0
1004,Sèche linge,CONDENSATION,405.5,411.8
105,Sèche linge,CONDENSATION,268.3,235.9
508,Sèche linge,CONDENSATION,259.8,288.3
903,Sèche linge,CONDENSATION,234.7,235.2
210,Sèche linge,CONDENSATION,226.1,357.6
502,Sèche linge,CONDENSATION,218.4,359.5
401,Sèche linge,CONDENSATION,212.6,
106,Sèche linge,CONDENSATION,188.5,
807,Sèche linge,CONDENSATION,113.9,136.0
303,Sèche linge,CONDENSATION,108.5,36.2
705,Sèche linge,CONDENSATION,99.5,35.6
604,Sèche linge,CONDENSATION,83.2,67.0
310,Sèche linge,CONDENSATION,7.7,13.4
720,Sèche linge,CONDENSATION,,54.5
820,Sèche linge,CONDENSATION,,31.0
206,Sèche linge,EVACUATION,1123.2,1267.3
1008,Sèche linge,EVACUATION,562.2,
1011,Sèche linge,EVACUATION,485.4,365.8
1009,Sèche linge,EVACUATION,376.0,455.6
808,Sèche linge,EVACUATION,171.2,
1010,Sèche linge,EVACUATION,146.2,111.0
702,Sèche linge,EVACUATION,141.2,179.7
108,Sèche linge,EVACUATION,25.5,
902,Sèche linge,POMPE À CHALEUR,287.6,353.8
803,Sèche linge,POMPE À CHALEUR,228.8,230.4
406,Sèche linge,POMPE À CHALEUR,119.7,128.9
104,Sèche linge,POMPE À CHALEUR,53.9,
410,Sécurité,CAMÉRA WIFI,224.2,39.8
709,Sécurité,PORTE OU PORTAIL AUTOMATIQUE,96.4,101.8
803,Sécurité,PORTE OU PORTAIL AUTOMATIQUE,115.7,115.7
1006,Sécurité,PORTE OU PORTAIL AUTOMATIQUE,53.4,51.5
1007,Sécurité,PORTE OU PORTAIL AUTOMATIQUE,28.7,27.1
1007,Sécurité,VISIOPHONE,40.2,42.1
410,Sécurité,VOLETS ROULANTS,39.9,40.9
604,Sécurité,VOLETS ROULANTS,18.4,16.9
608,Sécurité,VOLETS ROULANTS,23.4,23.0
708,Sécurité,VOLETS ROULANTS,5.8,
910,Sécurité,VOLETS ROULANTS,37.5,
1007,Sécurité,VOLETS ROULANTS,2.4,3.1
721,Sécurité,VOLETS ROULANTS,,1.3
820,Sécurité,VOLETS ROULANTS,,11.1
823,Sécurité,VOLETS ROULANTS,,12.4
408,Tablettes_smartph,SMART PHONE,2.9,
107,Tablettes_smartph,SMART PHONE,,8.6
404,Tablettes_smartph,TABLETTE,5.6,10.4
405,Tablettes_smartph,TABLETTE,3.9,1.4
409,Tablettes_smartph,TABLETTE,4.0,
101,Téléviseurs,PRINCIPAL,55.2,115.7
102,Téléviseurs,PRINCIPAL,311.0,36.6
103,Téléviseurs,PRINCIPAL,274.3,314.7
104,Téléviseurs,PRINCIPAL,297.3,
105,Téléviseurs,PRINCIPAL,158.8,152.6
106,Téléviseurs,PRINCIPAL,232.4,
107,Téléviseurs,PRINCIPAL,0.0,7.5
109,Téléviseurs,PRINCIPAL,175.2,
110,Téléviseurs,PRINCIPAL,162.5,150.2
121,Téléviseurs,PRINCIPAL,,42.3
122,Téléviseurs,PRINCIPAL,,78.1
123,Téléviseurs,PRINCIPAL,,153.9
201,Téléviseurs,PRINCIPAL,147.6,117.6
202,Téléviseurs,PRINCIPAL,182.4,75.9
203,Téléviseurs,PRINCIPAL,68.3,86.5
204,Téléviseurs,PRINCIPAL,36.7,75.3
205,Téléviseurs,PRINCIPAL,214.8,228.8
206,Téléviseurs,PRINCIPAL,307.8,287.4
207,Téléviseurs,PRINCIPAL,180.0,205.5
209,Téléviseurs,PRINCIPAL,277.0,248.9
210,Téléviseurs,PRINCIPAL,144.1,141.4
301,Téléviseurs,PRINCIPAL,393.0,238.9
302,Téléviseurs,PRINCIPAL,169.5,190.5
303,Téléviseurs,PRINCIPAL,,147.4
306,Téléviseurs,PRINCIPAL,724.3,741.5
307,Téléviseurs,PRINCIPAL,72.1,
308,Téléviseurs,PRINCIPAL,75.5,101.6
310,Téléviseurs,PRINCIPAL,64.5,87.4
311,Téléviseurs,PRINCIPAL,350.8,345.2
320,Téléviseurs,PRINCIPAL,,189.9
326,Téléviseurs,PRINCIPAL,,260.0
401,Téléviseurs,PRINCIPAL,1143.0,
402,Téléviseurs,PRINCIPAL,108.6,236.1
403,Téléviseurs,PRINCIPAL,142.8,77.4
404,Téléviseurs,PRINCIPAL,365.0,488.9
405,Téléviseurs,PRINCIPAL,437.6,88.0
406,Téléviseurs,PRINCIPAL,95.5,167.5
408,Téléviseurs,PRINCIPAL,68.4,
410,Téléviseurs,PRINCIPAL,118.2,102.6
420,Téléviseurs,PRINCIPAL,,69.4
421,Téléviseurs,PRINCIPAL,,112.2
501,Téléviseurs,PRINCIPAL,98.5,
502,Téléviseurs,PRINCIPAL,391.7,531.0
503,Téléviseurs,PRINCIPAL,83.9,121.1
505,Téléviseurs,PRINCIPAL,130.8,168.6
506,Téléviseurs,PRINCIPAL,156.7,158.4
507,Téléviseurs,PRINCIPAL,82.1,82.8
508,Téléviseurs,PRINCIPAL,242.2,177.5
509,Téléviseurs,PRINCIPAL,198.2,
510,Téléviseurs,PRINCIPAL,105.9,95.2
601,Téléviseurs,PRINCIPAL,54.5,174.5
602,Téléviseurs,PRINCIPAL,207.8,158.7
603,Téléviseurs,PRINCIPAL,66.8,200.8
604,Téléviseurs,PRINCIPAL,27.6,46.4
605,Téléviseurs,PRINCIPAL,136.5,184.2
606,Téléviseurs,PRINCIPAL,92.7,130.1
607,Téléviseurs,PRINCIPAL,145.7,88.3
608,Téléviseurs,PRINCIPAL,62.0,78.0
620,Téléviseurs,PRINCIPAL,,321.3
701,Téléviseurs,PRINCIPAL,177.9,
702,Téléviseurs,PRINCIPAL,151.8,180.8
703,Téléviseurs,PRINCIPAL,33.2,42.9
704,Téléviseurs,PRINCIPAL,334.7,346.0
705,Téléviseurs,PRINCIPAL,63.7,55.9
706,Téléviseurs,PRINCIPAL,634.2,307.5
707,Téléviseurs,PRINCIPAL,112.0,104.0
708,Téléviseurs,PRINCIPAL,107.9,
709,Téléviseurs,PRINCIPAL,86.0,102.3
720,Téléviseurs,PRINCIPAL,,104.7
721,Téléviseurs,PRINCIPAL,,150.6
722,Téléviseurs,PRINCIPAL,,221.9
801,Téléviseurs,PRINCIPAL,139.2,102.7
802,Téléviseurs,PRINCIPAL,237.1,
803,Téléviseurs,PRINCIPAL,295.9,346.8
804,Téléviseurs,PRINCIPAL,412.0,409.8
805,Téléviseurs,PRINCIPAL,118.5,112.4
806,Téléviseurs,PRINCIPAL,76.1,124.1
807,Téléviseurs,PRINCIPAL,184.2,235.5
808,Téléviseurs,PRINCIPAL,328.5,
809,Téléviseurs,PRINCIPAL,24.1,
810,Téléviseurs,PRINCIPAL,131.0,135.5
820,Téléviseurs,PRINCIPAL,,100.3
821,Téléviseurs,PRINCIPAL,,84.3
822,Téléviseurs,PRINCIPAL,,91.9
823,Téléviseurs,PRINCIPAL,,135.3
901,Téléviseurs,PRINCIPAL,3.2,5.4
902,Téléviseurs,PRINCIPAL,201.5,250.1
903,Téléviseurs,PRINCIPAL,85.4,78.0
904,Téléviseurs,PRINCIPAL,279.6,
905,Téléviseurs,PRINCIPAL,388.1,398.5
907,Téléviseurs,PRINCIPAL,258.0,195.7
908,Téléviseurs,PRINCIPAL,115.4,118.1
909,Téléviseurs,PRINCIPAL,26.2,30.6
910,Téléviseurs,PRINCIPAL,116.1,
911,Téléviseurs,PRINCIPAL,20.1,26.2
912,Téléviseurs,PRINCIPAL,,248.1
921,Téléviseurs,PRINCIPAL,,13.4
922,Téléviseurs,PRINCIPAL,,275.7
1001,Téléviseurs,PRINCIPAL,124.8,103.8
1002,Téléviseurs,PRINCIPAL,24.9,30.3
1003,Téléviseurs,PRINCIPAL,104.5,150.0
1004,Téléviseurs,PRINCIPAL,47.2,39.9
1005,Téléviseurs,PRINCIPAL,50.8,44.5
1006,Téléviseurs,PRINCIPAL,208.6,195.2
1007,Téléviseurs,PRINCIPAL,130.0,124.0
1008,Téléviseurs,PRINCIPAL,102.5,
1009,Téléviseurs,PRINCIPAL,132.6,173.7
1010,Téléviseurs,PRINCIPAL,354.9,434.3
1011,Téléviseurs,PRINCIPAL,553.7,364.3
201,Téléviseurs,SECONDAIRE,37.6,33.6
201,Téléviseurs,SECONDAIRE,13.9,10.5
202,Téléviseurs,SECONDAIRE,49.0,34.2
205,Téléviseurs,SECONDAIRE,22.5,26.6
210,Téléviseurs,SECONDAIRE,132.7,75.4
301,Téléviseurs,SECONDAIRE,5.1,5.2
302,Téléviseurs,SECONDAIRE,33.6,25.5
303,Téléviseurs,SECONDAIRE,153.3,133.4
406,Téléviseurs,SECONDAIRE,24.6,23.2
406,Téléviseurs,SECONDAIRE,0.0,40.0
501,Téléviseurs,SECONDAIRE,81.6,
503,Téléviseurs,SECONDAIRE,230.5,80.5
507,Téléviseurs,SECONDAIRE,10.4,9.0
510,Téléviseurs,SECONDAIRE,3.5,4.7
602,Téléviseurs,SECONDAIRE,380.6,448.4
602,Téléviseurs,SECONDAIRE,47.1,32.4
705,Téléviseurs,SECONDAIRE,193.6,117.5
708,Téléviseurs,SECONDAIRE,0.7,
722,Téléviseurs,SECONDAIRE,,98.7
806,Téléviseurs,SECONDAIRE,62.0,53.9
823,Téléviseurs,SECONDAIRE,,35.8
907,Téléviseurs,SECONDAIRE,48.6,43.7
910,Téléviseurs,SECONDAIRE,3.4,
912,Téléviseurs,SECONDAIRE,73.6,28.6
1006,Téléviseurs,SECONDAIRE,34.8,42.7
1011,Téléviseurs,SECONDAIRE,11.3,21.8
204,Tondeuse,,6.2,3.3
1005,Tondeuse,,5.1,1.1
821,Tondeuse,,,0.9
101,Ventilation,,0.0,0.0
103,Ventilation,,277.7,259.2
108,Ventilation,,72.8,
201,Ventilation,,156.6,121.1
202,Ventilation,,188.2,184.2
204,Ventilation,,272.2,275.1
205,Ventilation,,299.3,290.5
206,Ventilation,,70.9,68.3
207,Ventilation,,246.0,246.4
209,Ventilation,,89.7,92.2
210,Ventilation,,507.6,504.9
305,Ventilation,,25.8,25.8
308,Ventilation,,,82.5
311,Ventilation,,184.3,168.1
401,Ventilation,,205.9,
410,Ventilation,,297.0,292.3
502,Ventilation,,251.9,251.2
503,Ventilation,,0.0,0.0
504,Ventilation,,45.4,189.2
505,Ventilation,,605.4,401.5
508,Ventilation,,112.4,108.9
601,Ventilation,,150.8,125.8
605,Ventilation,,398.1,431.0
608,Ventilation,,224.2,224.6
620,Ventilation,,,42.5
701,Ventilation,,384.0,
702,Ventilation,,304.4,298.8
703,Ventilation,,201.6,182.1
704,Ventilation,,340.5,341.2
705,Ventilation,,321.0,301.0
706,Ventilation,,68.4,65.6
707,Ventilation,,85.1,51.1
709,Ventilation,,245.2,251.0
720,Ventilation,,,204.7
721,Ventilation,,,204.6
722,Ventilation,,,217.4
801,Ventilation,,54.9,50.0
802,Ventilation,,488.8,
803,Ventilation,,883.1,831.4
804,Ventilation,,253.1,397.7
808,Ventilation,,282.5,
809,Ventilation,,33.1,
810,Ventilation,,,260.0
902,Ventilation,,123.8,119.9
906,Ventilation,,379.4,
911,Ventilation,,215.2,291.5
912,Ventilation,,93.1,94.4
921,Ventilation,,,194.5
1001,Ventilation,,240.9,
1004,Ventilation,,254.7,207.8
1005,Ventilation,,179.2,168.1
1006,Ventilation,,324.7,312.4
1007,Ventilation,,469.0,470.0
1009,Ventilation,,526.0,490.0
1010,Ventilation,,119.1,94.6
